Section,Type,Content
Listings,Address,"304 ELLIOTT STREET West, Windsor, Ontario"
Listings,Price,"$149,900 "
Listings,Address,"2015 BALFOUR BOULEVARD, Windsor, Ontario"
Listings,Price,"$999,750 "
Listings,Address,"1311 OTTAWA STREET, Windsor, Ontario"
Listings,Price,"$98,000 "
Listings,Address,"1379-1381 PIERRE Avenue, Windsor, Ontario"
Listings,Price,"$799,900 "
Listings,Address,"150 OLD FRONT ROAD, LaSalle, Ontario"
Listings,Price,"$259,900 "
Listings,Address,"3905 TECUMSEH ROAD E, Windsor, Ontario"
Listings,Price,"$1,699,000 "
Listings,Address,"5929-39 WYANDOTTE, Windsor, Ontario"
Listings,Price,"$1,299,900 "
Listings,Address,"762 South Pacific AVENUE, Windsor, Ontario"
Listings,Price,"$199,900 "
Listings,Address,"754 South Pacific AVENUE, Windsor, Ontario"
Listings,Price,"$199,900 "
Listings,Address,"365 PELISSIER STREET, Windsor, Ontario"
Listings,Price,"$349,900 "
Listings,Address,"V/L OLCOTT, LaSalle, Ontario"
Listings,Price,"$249,900 "
Listings,Address,"484 PELISSIER STREET, Windsor, Ontario"
Listings,Price,"$945,000 "
Listings,Address,"304 ELLIOTT STREET West, Windsor, Ontario"
Listings,Price,"$149,900 "
Listings,Address,"2015 BALFOUR BOULEVARD, Windsor, Ontario"
Listings,Price,"$999,750 "
Listings,Address,"1311 OTTAWA STREET, Windsor, Ontario"
Listings,Price,"$98,000 "
Listings,Address,"1379-1381 PIERRE Avenue, Windsor, Ontario"
Listings,Price,"$799,900 "
Listings,Address,"3905 TECUMSEH ROAD E, Windsor, Ontario"
Listings,Price,"$1,699,000 "
Listings,Address,"5929-39 WYANDOTTE, Windsor, Ontario"
Listings,Price,"$1,299,900 "
Listings,Address,"762 South Pacific AVENUE, Windsor, Ontario"
Listings,Price,"$199,900 "
Listings,Address,"754 South Pacific AVENUE, Windsor, Ontario"
Listings,Price,"$199,900 "
Listings,Address,"365 PELISSIER STREET, Windsor, Ontario"
Listings,Price,"$349,900 "
Listings,Address,"484 PELISSIER STREET, Windsor, Ontario"
Listings,Price,"$945,000 "
Listings,Address,"977 MARENTETTE, Windsor, Ontario"
Listings,Price,"$699,900 "
Listings,Address,"3850 DOUGALL AVENUE, Windsor, Ontario"
Listings,Price,"$125,000 "
Listings,Address,"304 ELLIOTT STREET West, Windsor, Ontario"
Listings,Price,"$149,900 "
Listings,Address,"2015 BALFOUR BOULEVARD, Windsor, Ontario"
Listings,Price,"$999,750 "
Listings,Address,"1311 OTTAWA STREET, Windsor, Ontario"
Listings,Price,"$98,000 "
Listings,Address,"1379-1381 PIERRE Avenue, Windsor, Ontario"
Listings,Price,"$799,900 "
Listings,Address,"3905 TECUMSEH ROAD E, Windsor, Ontario"
Listings,Price,"$1,699,000 "
Listings,Address,"5929-39 WYANDOTTE, Windsor, Ontario"
Listings,Price,"$1,299,900 "
Listings,Address,"762 South Pacific AVENUE, Windsor, Ontario"
Listings,Price,"$199,900 "
Listings,Address,"754 South Pacific AVENUE, Windsor, Ontario"
Listings,Price,"$199,900 "
Listings,Address,"365 PELISSIER STREET, Windsor, Ontario"
Listings,Price,"$349,900 "
Listings,Address,"1661 OTTAWA STREET, Windsor, Ontario"
Listings,Price,"$639,900 "
Listings,Address,"485 CHURCH STREET, Windsor, Ontario"
Listings,Price,"$749,999 "
Listings,Address,"585 MILL, Windsor, Ontario"
Listings,Price,"$3,595,000 "
Listings,Address,"1010 CAMPBELL AVENUE, Windsor, Ontario"
Listings,Price,"$1,595,000 "
Listings,Address,"574 Charlotte STREET, Windsor, Ontario"
Listings,Price,"$190,000 "
Listings,Address,"927-929 Campbell AVENUE, Windsor, Ontario"
Listings,Price,"$499,999 "
Listings,Address,"321-325 OUELLETTE AVENUE, Windsor, Ontario"
Listings,Price,"$1,300,000 "
Listings,Address,"1474 RANDOLPH Unit# A & B, Windsor, Ontario"
Listings,Price,"$499,900 "
Listings,Address,"V/L ALBERT, Windsor, Ontario"
Listings,Price,"$159,999 "
Listings,Address,"1145 ERIE, Windsor, Ontario"
Listings,Price,"$469,000 "
Listings,Address,"1970 Tourangeau, Windsor, Ontario"
Listings,Price,"$993,000 "
Listings,Address,"853-861 WYANDOTTE STREET East, Windsor, Ontario"
Listings,Price,"$599,900 "
Listings,Address,"1661 OTTAWA STREET, Windsor, Ontario"
Listings,Price,"$639,900 "
Listings,Address,"485 CHURCH STREET, Windsor, Ontario"
Listings,Price,"$749,999 "
Listings,Address,"585 MILL, Windsor, Ontario"
Listings,Price,"$3,595,000 "
Listings,Address,"1010 CAMPBELL AVENUE, Windsor, Ontario"
Listings,Price,"$1,595,000 "
Listings,Address,"574 Charlotte STREET, Windsor, Ontario"
Listings,Price,"$190,000 "
Listings,Address,"927-929 Campbell AVENUE, Windsor, Ontario"
Listings,Price,"$499,999 "
Listings,Address,"321-325 OUELLETTE AVENUE, Windsor, Ontario"
Listings,Price,"$1,300,000 "
Listings,Address,"1474 RANDOLPH Unit# A & B, Windsor, Ontario"
Listings,Price,"$499,900 "
Listings,Address,"V/L ALBERT, Windsor, Ontario"
Listings,Price,"$159,999 "
Listings,Address,"1145 ERIE, Windsor, Ontario"
Listings,Price,"$469,000 "
Listings,Address,"1970 Tourangeau, Windsor, Ontario"
Listings,Price,"$993,000 "
Listings,Address,"5429-5435 WYANDOTTE STREET East, Windsor, Ontario"
Listings,Price,"$699,900 "
Listings,Address,"V/L CHATHAM STREET East, Windsor, Ontario"
Listings,Price,"$139,900 "
Listings,Address,"1400 PROVINCIAL ROAD, Windsor, Ontario"
Listings,Price,"$1,250,000 "
Listings,Address,"4320 HOWARD AVENUE, Windsor, Ontario"
Listings,Price,"$79,900 "
Listings,Address,"2130 Wyandotte STREET West, Windsor, Ontario"
Listings,Price,"$159,900 "
Listings,Address,"759 Pierre, Windsor, Ontario"
Listings,Price,"$899,900 "
Listings,Address,"1530 LANGLOIS, Windsor, Ontario"
Listings,Price,"$599,900 "
Listings,Address,"469 Pelissier AVENUE, Windsor, Ontario"
Listings,Price,"$575,000 "
Listings,Address,"738 WINDSOR, Windsor, Ontario"
Listings,Price,"$1,299,000 "
Listings,Address,"374 SHEPHERD STREET West, Windsor, Ontario"
Listings,Price,"$249,900 "
Listings,Address,"1157 DROUILLARD, Windsor, Ontario"
Listings,Price,"$389,900 "
Listings,Address,"1947 Alexandra, Windsor, Ontario"
Listings,Price,"$109,000 "
Listings,Address,"5429-5435 WYANDOTTE STREET East, Windsor, Ontario"
Listings,Price,"$699,900 "
Listings,Address,"V/L CHATHAM STREET East, Windsor, Ontario"
Listings,Price,"$139,900 "
Listings,Address,"1400 PROVINCIAL ROAD, Windsor, Ontario"
Listings,Price,"$1,250,000 "
Listings,Address,"4320 HOWARD AVENUE, Windsor, Ontario"
Listings,Price,"$79,900 "
Listings,Address,"2130 Wyandotte STREET West, Windsor, Ontario"
Listings,Price,"$159,900 "
Listings,Address,"759 Pierre, Windsor, Ontario"
Listings,Price,"$899,900 "
Listings,Address,"1530 LANGLOIS, Windsor, Ontario"
Listings,Price,"$599,900 "
Listings,Address,"469 Pelissier AVENUE, Windsor, Ontario"
Listings,Price,"$575,000 "
Listings,Address,"738 WINDSOR, Windsor, Ontario"
Listings,Price,"$1,299,000 "
Listings,Address,"374 SHEPHERD STREET West, Windsor, Ontario"
Listings,Price,"$249,900 "
Listings,Address,"1157 DROUILLARD, Windsor, Ontario"
Listings,Price,"$389,900 "
Listings,Address,"1947 Alexandra, Windsor, Ontario"
Listings,Price,"$109,000 "
Listings,Address,"3401 Marentette AVENUE, Windsor, Ontario"
Listings,Price,"$1,250,000 "
Listings,Address,"469 Pelissier AVENUE, Windsor, Ontario"
Listings,Price,"$575,000 "
Listings,Address,"1241 Goyeau STREET, Windsor, Ontario"
Listings,Price,"$489,000 "
Listings,Address,"3401 Marentette AVENUE, Windsor, Ontario"
Listings,Price,"$1,600,000 "
Listings,Address,"1241 GOYEAU Street, Windsor, Ontario"
Listings,Price,"$489,000 "
Listings,Address,"131 ELLIOTT STREET, Windsor, Ontario"
Listings,Price,"$775,000 "
Listings,Address,"1927 Alexandra, Windsor, Ontario"
Listings,Price,"$109,000 "
Listings,Address,"1955 Alexandra, Windsor, Ontario"
Listings,Price,"$109,000 "
Listings,Address,"1999 Alexandra, Windsor, Ontario"
Listings,Price,"$109,000 "
Listings,Address,"V/L Byng, Windsor, Ontario"
Listings,Price,"$174,900 "
Listings,Address,"2558 HOWARD AVENUE, Windsor, Ontario"
Listings,Price,"$789,000 "
Listings,Address,"3603 WALKER, Windsor, Ontario"
Listings,Price,"$799,000 "
Listings,Address,"3401 Marentette AVENUE, Windsor, Ontario"
Listings,Price,"$1,250,000 "
Listings,Address,"469 Pelissier AVENUE, Windsor, Ontario"
Listings,Price,"$575,000 "
Listings,Address,"1241 Goyeau STREET, Windsor, Ontario"
Listings,Price,"$489,000 "
Listings,Address,"3401 Marentette AVENUE, Windsor, Ontario"
Listings,Price,"$1,600,000 "
Listings,Address,"1241 GOYEAU Street, Windsor, Ontario"
Listings,Price,"$489,000 "
Listings,Address,"131 ELLIOTT STREET, Windsor, Ontario"
Listings,Price,"$775,000 "
Listings,Address,"1927 Alexandra, Windsor, Ontario"
Listings,Price,"$109,000 "
Listings,Address,"1955 Alexandra, Windsor, Ontario"
Listings,Price,"$109,000 "
Listings,Address,"1999 Alexandra, Windsor, Ontario"
Listings,Price,"$109,000 "
Listings,Address,"V/L Byng, Windsor, Ontario"
Listings,Price,"$174,900 "
Listings,Address,"5211 TECUMSEH ROAD East, Windsor, Ontario"
Listings,Price,"$1,329,000 "
Listings,Address,"286 OUELLETTE AVENUE, Windsor, Ontario"
Listings,Price,"$749,900 "
Listings,Address,"1935 ALEXANDRA AVENUE, Windsor, Ontario"
Listings,Price,"$109,000 "
Listings,Address,"1574 Howard AVENUE, Windsor, Ontario"
Listings,Price,"$799,000 "
Listings,Address,"1500-1502 HOWARD, Windsor, Ontario"
Listings,Price,"$499,000 "
Listings,Address,"426 TECUMSEH ROAD West Unit# LOT 147, Windsor, Ontario"
Listings,Price,"$149,900 "
Listings,Address,"1500-1502 HOWARD, Windsor, Ontario"
Listings,Price,"$499,000 "
Listings,Address,"1015 UNIVERSITY Avenue, Windsor, Ontario"
Listings,Price,"$185,000 "
Listings,Address,"V/L LAMONT, Windsor, Ontario"
Listings,Price,"$99,999 "
Listings,Address,"984 ELLROSE AVENUE, Windsor, Ontario"
Listings,Price,"$499,900 "
Listings,Address,"5211 TECUMSEH ROAD East, Windsor, Ontario"
Listings,Price,"$1,729,000 "
Listings,Address,"1913, 1925, 1949 DEVONSHIRE COURT, Windsor, Ontario"
Listings,Price,"$2,500,000 "
Listings,Address,"5211 TECUMSEH ROAD East, Windsor, Ontario"
Listings,Price,"$1,329,000 "
Listings,Address,"286 OUELLETTE AVENUE, Windsor, Ontario"
Listings,Price,"$749,900 "
Listings,Address,"1935 ALEXANDRA AVENUE, Windsor, Ontario"
Listings,Price,"$109,000 "
Listings,Address,"1574 Howard AVENUE, Windsor, Ontario"
Listings,Price,"$799,000 "
Listings,Address,"1500-1502 HOWARD, Windsor, Ontario"
Listings,Price,"$499,000 "
Listings,Address,"426 TECUMSEH ROAD West Unit# LOT 147, Windsor, Ontario"
Listings,Price,"$149,900 "
Listings,Address,"1500-1502 HOWARD, Windsor, Ontario"
Listings,Price,"$499,000 "
Listings,Address,"1015 UNIVERSITY Avenue, Windsor, Ontario"
Listings,Price,"$185,000 "
Listings,Address,"V/L LAMONT, Windsor, Ontario"
Listings,Price,"$99,999 "
Listings,Address,"984 ELLROSE AVENUE, Windsor, Ontario"
Listings,Price,"$499,900 "
Listings,Address,"871 SHEPHERD, Windsor, Ontario"
Listings,Price,"$599,000 "
Listings,Address,"1165 OUELLETTE AVENUE, Windsor, Ontario"
Listings,Price,"$1,199,900 "
Listings,Address,"1165 OUELLETTE AVENUE, Windsor, Ontario"
Listings,Price,"$1,199,900 "
Listings,Address,"2645-2643 WHELPTON Street, Windsor, Ontario"
Listings,Price,"$439,000 "
Listings,Address,"1720 WALKER Unit# B, Windsor, Ontario"
Listings,Price,"$189,900 "
Listings,Address,"1637 DROUILLARD, Windsor, Ontario"
Listings,Price,"$795,000 "
Listings,Address,"V/L TEMPLE, Windsor, Ontario"
Listings,Price,"$699,900 "
Listings,Address,"1504 PELISSIER, Windsor, Ontario"
Listings,Price,"$499,999 "
Listings,Address,"V/L CONTINENTAL, Windsor, Ontario"
Listings,Price,"$399,000 "
Listings,Address,"1378 GOYEAU AVENUE, Windsor, Ontario"
Listings,Price,"$559,900 "
Listings,Address,"1039-1041 WYANDOTTE, Windsor, Ontario"
Listings,Price,"$659,000 "
Listings,Address,"9155 WYANDOTTE STREET East, Windsor, Ontario"
Listings,Price,"$8,499,900 "
Listings,Address,"801 VICTORIA, Windsor, Ontario"
Listings,Price,"$1,749,999 "
Listings,Address,"483 TECUMSEH ROAD W, Windsor, Ontario"
Listings,Price,"$990,000 "
Listings,Address,"333 HOLDEN, Windsor, Ontario"
Listings,Price,"$1,749,900 "
Listings,Address,"3021 WALKER ROAD, Windsor, Ontario"
Listings,Price,"$749,900 "
Listings,Address,"1339 BENJAMIN AVENUE, Windsor, Ontario"
Listings,Price,"$529,999 "
Listings,Address,"807 PILLETTE, Windsor, Ontario"
Listings,Price,"$79,900 "
Listings,Address,"560-562 Pierre, Windsor, Ontario"
Listings,Price,"$599,900 "
Listings,Address,"V/L RIBERDY, Windsor, Ontario"
Listings,Price,"$179,000 "
Listings,Address,"1207 MONMOUTH, Windsor, Ontario"
Listings,Price,"$4,800,000 "
Listings,Address,"1785 WALKER ROAD, Windsor, Ontario"
Listings,Price,"$5,499,000 "
Listings,Address,"1028-1030 Drouillard ROAD, Windsor, Ontario"
Listings,Price,"$199,000 "
Listings,Address,"1011 Wyandotte St W, Windsor, Ontario"
Listings,Price,"$779,000 "
Listings,Address,"V/L MULFORD, Windsor, Ontario"
Listings,Price,"$199,900 "
Listings,Address,"8031 WYANDOTTE STREET East, Windsor, Ontario"
Listings,Price,"$599,900 "
Listings,Address,"912 HALL, Windsor, Ontario"
Listings,Price,"$219,900 "
Listings,Address,"1121 Fairview, Windsor, Ontario"
Listings,Price,"$299,900 "
Listings,Address,"325 FRANK AVENUE, Windsor, Ontario"
Listings,Price,"$235,000 "
Listings,Address,"560-564 Ouellette AVENUE, Windsor, Ontario"
Listings,Price,"$1,009,900 "
Listings,Address,"560 Ouellette AVENUE, Windsor, Ontario"
Listings,Price,"$349,900 "
Listings,Address,"560-564 Ouellette AVENUE, Windsor, Ontario"
Listings,Price,"$1,349,900 "
Listings,Address,"V/L Brant STREET, Windsor, Ontario"
Listings,Price,"$169,900 "
Listings,Address,"8080 CLAIRVIEW AVENUE, Windsor, Ontario"
Listings,Price,"$529,500 "
Listings,Address,"2100 TURNER ROAD, Windsor, Ontario"
Listings,Price,"$1,150,000 "
Listings,Address,"3170-76 WALKER, Windsor, Ontario"
Listings,Price,"$1,499,900 "
Listings,Address,"418-420 Caron AVENUE, Windsor, Ontario"
Listings,Price,"$479,999 "
Listings,Address,"1636 DROUILLARD, Windsor, Ontario"
Listings,Price,"$999,000 "
Listings,Address,"9716 RIVERSIDE DRIVE East, Windsor, Ontario"
Listings,Price,"$988,000 "
Listings,Address,"1116 WYANDOTTE STREET East, Windsor, Ontario"
Listings,Price,"$499,000 "
Listings,Address,"876 ERIE STREET, Windsor, Ontario"
Listings,Price,"$749,900 "
Listings,Address,"999 ERIE STREET East, Windsor, Ontario"
Listings,Price,"$499,000 "
Listings,Address,"890 Howard AVENUE, Windsor, Ontario"
Listings,Price,"$798,888 "
Listings,Address,"1153 TECUMSEH ROAD West, Windsor, Ontario"
Listings,Price,"$16,400,000 "
Listings,Address,"1395 & 1377 LAUZON ROAD, Windsor, Ontario"
Listings,Price,"$1,799,900 "
Listings,Address,"1174 HOWARD, Windsor, Ontario"
Listings,Price,"$449,900 "
Listings,Address,"488 LAUZON ROAD, Windsor, Ontario"
Listings,Price,"$1,100,000 "
Listings,Address,"515 RIVERSIDE DRIVE West Unit# 101-104, Windsor, Ontario"
Listings,Price,"$779,900 "
Listings,Address,"1003 TUSCARORA, Windsor, Ontario"
Listings,Price,"$549,900 "
Listings,Address,"1523-27 Shepherd STREET East, Windsor, Ontario"
Listings,Price,"$449,900 "
Listings,Address,"3242 SANDWICH STREET, Windsor, Ontario"
Listings,Price,"$2,624,818 "
Listings,Address,"3242 SANDWICH Street, Windsor, Ontario"
Listings,Price,"$2,624,818 "
Listings,Address,"1219 MONMOUTH, Windsor, Ontario"
Listings,Price,"$2,000,000 "
Listings,Address,"448 TECUMSEH ROAD East, Windsor, Ontario"
Listings,Price,"$23,999 "
Listings,Address,"365 PELISSIER STREET, Windsor, Ontario"
Listings,Price,"$349,900 "
Listings,Address,"483 TECUMSEH ROAD West, Windsor, Ontario"
Listings,Price,"$990,000 "
Listings,Address,"854 PIERRE AVENUE, Windsor, Ontario"
Listings,Price,"$499,854 "
Listings,Address,"395 CURRY, Windsor, Ontario"
Listings,Price,"$599,900 "
Listings,Address,"1178 LINCOLN, Windsor, Ontario"
Listings,Price,"$879,900 "
Listings,Address,"231-233 GROVE AVENUE, Windsor, Ontario"
Listings,Price,"$599,900 "
Listings,Address,"1151 Drouillard, Windsor, Ontario"
Listings,Price,"$499,000 "
Listings,Address,"1151 Drouillard ROAD, Windsor, Ontario"
Listings,Price,"$499,000 "
Listings,Address,"3100 HOWARD, Windsor, Ontario"
Listings,Price,"$174,900 "
Listings,Address,"2823 TURNER ROAD, Windsor, Ontario"
Listings,Price,"$229,000 "
Listings,Address,"V/L CHATHAM STREET East, Windsor, Ontario"
Listings,Price,"$849,000 "
Listings,Address,"430 KARL PLACE, Windsor, Ontario"
Listings,Price,"$189,900 "
Listings,Address,"1335 WYANDOTTE, Windsor, Ontario"
Listings,Price,"$349,900 "
Listings,Address,"484-488 JANETTE, Windsor, Ontario"
Listings,Price,"$449,000 "
Listings,Address,"728-730 MARENTETTE AVENUE, Windsor, Ontario"
Listings,Price,"$579,900 "
Listings,Address,"1063 ERIE STREET, Windsor, Ontario"
Listings,Price,"$1,089,000 "
Listings,Address,"1093 DROUILLARD, Windsor, Ontario"
Listings,Price,"$675,000 "
Listings,Address,"1250-1260 OUELLETTE AVENUE, Windsor, Ontario"
Listings,Price,"$5,500,000 "
Listings,Address,"559 PELISSIER, Windsor, Ontario"
Listings,Price,"$90,000 "
Listings,Address,"68 GILES, Windsor, Ontario"
Listings,Price,"$2,450,000 "
Listings,Address,"915 CAMPBELL AVENUE, Windsor, Ontario"
Listings,Price,"$2,280,000 "
Listings,Address,"1324 OUELLETTE AVENUE, Windsor, Ontario"
Listings,Price,"$1,499,900 "
Listings,Address,"1301 WYANDOTTE STREET East, Windsor, Ontario"
Listings,Price,"$199,000 "
Listings,Address,"362-366 Bruce, Windsor, Ontario"
Listings,Price,"$749,000 "
Listings,Address,"247 LANGLOIS, Windsor, Ontario"
Listings,Price,"$599,900 "
Listings,Address,"3765-3767 Peter STREET, Windsor, Ontario"
Listings,Price,"$449,000 "
Listings,Address,"3765-3767 PETER Street, Windsor, Ontario"
Listings,Price,"$449,000 "
Listings,Address,"728 CHURCH STREET, Windsor, Ontario"
Listings,Price,"$196,900 "
Listings,Address,"1093 DROUILLARD, Windsor, Ontario"
Listings,Price,"$675,000 "
Listings,Address,"1250-1260 OUELLETTE AVENUE, Windsor, Ontario"
Listings,Price,"$5,500,000 "
Listings,Address,"559 PELISSIER, Windsor, Ontario"
Listings,Price,"$90,000 "
Listings,Address,"68 GILES, Windsor, Ontario"
Listings,Price,"$2,450,000 "
Listings,Address,"915 CAMPBELL AVENUE, Windsor, Ontario"
Listings,Price,"$2,280,000 "
Listings,Address,"1324 OUELLETTE AVENUE, Windsor, Ontario"
Listings,Price,"$1,499,900 "
Listings,Address,"1301 WYANDOTTE STREET East, Windsor, Ontario"
Listings,Price,"$199,000 "
Listings,Address,"362-366 Bruce, Windsor, Ontario"
Listings,Price,"$749,000 "
Listings,Address,"247 LANGLOIS, Windsor, Ontario"
Listings,Price,"$599,900 "
Listings,Address,"3765-3767 Peter STREET, Windsor, Ontario"
Listings,Price,"$449,000 "
Listings,Address,"3745-3747 PETER STREET, Windsor, Ontario"
Listings,Price,"$579,000 "
Listings,Address,"1027-1033 HOWARD, Windsor, Ontario"
Listings,Price,"$999,900 "
Listings,Address,"1236 MARENTETTE AVENUE, Windsor, Ontario"
Listings,Price,"$399,900 "
Listings,Address,"636 GOYEAU STREET, Windsor, Ontario"
Listings,Price,"$1 "
Listings,Address,"1008 DROUILLARD, Windsor, Ontario"
Listings,Price,"$999,999 "
Listings,Address,"1125 CRAWFORD AVENUE, Windsor, Ontario"
Listings,Price,"$1,500,000 "
Listings,Address,"208 GILES BOULEVARD E, Windsor, Ontario"
Listings,Price,"$1,799,000 "
Listings,Address,"552 OUELLETTE AVENUE, Windsor, Ontario"
Listings,Price,"$749,900 "
Listings,Address,"3150 SANDWICH STREET W, Windsor, Ontario"
Listings,Price,"$1,599,900 "
Listings,Address,"1985 COLLEGE AVENUE N, Windsor, Ontario"
Listings,Price,"$1,799,999 "
Listings,Address,"470 SHOREVIEW CIRCLE, Windsor, Ontario"
Listings,Price,"$425,000 "
Listings,Address,"1683 COLLEGE, Windsor, Ontario"
Listings,Price,"$699,000 "
Listings,Address,"493 OUELLETTE AVENUE, Windsor, Ontario"
Listings,Price,"$935,000 "
Listings,Address,"980 MAISONVILLE AVENUE, Windsor, Ontario"
Listings,Price,"$149,900 "
Listings,Address,"950 WYANDOTTE STREET West, Windsor, Ontario"
Listings,Price,"$149,000 "
Listings,Address,"3421 WYANDOTTE STREET East, Windsor, Ontario"
Listings,Price,"$799,000 "
Listings,Address,"728 CHURCH STREET, Windsor, Ontario"
Listings,Price,"$196,900 "
Listings,Address,"3150 SANDWICH, Windsor, Ontario"
Listings,Price,"$1,599,900 "
Listings,Address,"665 WEAVER ROAD, Windsor, Ontario"
Listings,Price,"$11,000,000 "
Listings,Address,"3473 WALKER ROAD, Windsor, Ontario"
Listings,Price,"$599,900 "
Listings,Address,"635 UNIVERSITY AVENUE East, Windsor, Ontario"
Listings,Price,"$599,900 "
Listings,Address,"635 UNIVERSITY AVENUE East, Windsor, Ontario"
Listings,Price,"$599,900 "
Listings,Address,"1171 HICKORY ROAD, Windsor, Ontario"
Listings,Price,"$149,900 "
Listings,Address,"5049 Tecumseh ROAD East, Windsor, Ontario"
Listings,Price,"$2,499,000 "
Listings,Address,"104-110 PARK STREET West, Windsor, Ontario"
Listings,Price,"$299,000 "
Listings,Address,"1067 NORTH TALBOT, Windsor, Ontario"
Listings,Price,"$464,900 "
Listings,Address,"1011 Albert ROAD, Windsor, Ontario"
Listings,Price,"$599,000 "
Listings,Address,"1477 WYANDOTTE East, Windsor, Ontario"
Listings,Price,"$625,000 "
Listings,Address,"1477 WYANDOTTE East, Windsor, Ontario"
Listings,Price,"$625,000 "
Listings,Address,"2486 RIVARD, Windsor, Ontario"
Listings,Price,"$2,399,900 "
Listings,Address,"2486 RIVARD, Windsor, Ontario"
Listings,Price,"$2,399,900 "
Listings,Address,"3457 WALKER ROAD, Windsor, Ontario"
Listings,Price,"$450,000 "
Listings,Address,"3453 WALKER ROAD, Windsor, Ontario"
Listings,Price,"$429,000 "
Listings,Address,"731-735 GOYEAU STREET, Windsor, Ontario"
Listings,Price,"$7,250,000 "
Listings,Address,"3195-97 MCROBBIE, Windsor, Ontario"
Listings,Price,"$288,900 "
Listings,Address,"105 - 650 DIVISION ROAD, Windsor, Ontario"
Listings,Price,"$499,000 "
Listings,Address,"1140 LAUZON ROAD, Tecumseh, Ontario"
Listings,Price,"$2,800,000 "
Listings,Address,"1140 LAUZON, Windsor, Ontario"
Listings,Price,"$2,800,000 "
Listings,Address,"559 OUELLETTE AVENUE, Windsor, Ontario"
Listings,Price,"$1,975,000 "
Listings,Address,"546 OUELLETTE AVENUE W, Windsor, Ontario"
Listings,Price,"$1,100,000 "
Listings,Address,"1100 ERIE STREET East, Windsor, Ontario"
Listings,Price,"$1,399,000 "
Listings,Address,"2670-2714 DOUGALL AVENUE, Windsor, Ontario"
Listings,Price,"$2,790,000 "
Listings,Address,"6010 NORTH SERVICE ROAD East, Windsor, Ontario"
Listings,Price,"$795,000 "
Listings,Address,"440 PRINCE ROAD, Windsor, Ontario"
Listings,Price,"$699,900 "
Listings,Address,"525 WYANDOTTE STREET West, Windsor, Ontario"
Listings,Price,"$7,350,000 "
Listings,Address,"57 EDINBOROUGH, Windsor, Ontario"
Listings,Price,"$1,950,000 "
Listings,Address,"930 MARION, Windsor, Ontario"
Listings,Price,"$18,000,000 "
Listings,Address,"401 PARENT AVENUE, Windsor, Ontario"
Listings,Price,"$1,499,000 "
Listings,Address,"1140 LAUZON ROAD, Tecumseh, Ontario"
Listings,Price,"$2,800,000 "
Listings,Address,"1112-1114 HICKORY ROAD, Windsor, Ontario"
Listings,Price,"$699,900 "
Listings,Address,"902-916 WYANDOTTE ST E, Windsor, Ontario"
Listings,Price,"$1,300,000 "
Listings,Address,"V/L CALIFORNIA AVENUE, Windsor, Ontario"
Listings,Price,"$175,000 "
Listings,Address,"1505 RANKIN AVENUE, Windsor, Ontario"
Listings,Price,"$375,000 "
Listings,Address,"1500 PILLETTE ROAD, Windsor, Ontario"
Listings,Price,"$650,000 "
Listings,Address,"3141-43 DONNELLY STREET, Windsor, Ontario"
Listings,Price,"$699,000 "
Listings,Address,"679 WYANDOTTE STREET E, Windsor, Ontario"
Listings,Price,"$2,899,000 "
Listings,Address,"675 TECUMSEH ROAD W, Windsor, Ontario"
Listings,Price,"$8,499,000 "
Listings,Address,"315 UNIVERSITY AVENUE W, Windsor, Ontario"
Listings,Price,"$1 "
Listings,Address,"200 PARK STREET W, Windsor, Ontario"
Listings,Price,"$1 "
Listings,Address,"546 PARTINGTON Avenue, Windsor, Ontario"
Listings,Price,"$1,290,000 "
Listings,Address,"1916 WYANDOTTE STREET W, Windsor, Ontario"
Listings,Price,"$1,150,000 "
Listings,Address,"925 CRAWFORD AVENUE, Windsor, Ontario"
Listings,Price,"$1,749,000 "
Listings,Address,"1501 HOWARD AVENUE, Windsor, Ontario"
Listings,Price,"$2,900,000 "
Listings,Address,"1525 DUFFERIN, Windsor, Ontario"
Listings,Price,"$799,900 "
Listings,Address,"400 ERIE STREET East, Windsor, Ontario"
Listings,Price,"$3,760,000 "
Listings,Address,"V/L ST. CLAIR AVENUE, Windsor, Ontario"
Listings,Price,"$219,000 "
Listings,Address,"3177 RUSSELL, Windsor, Ontario"
Listings,Price,"$699,900 "
Listings,Address,"3177 RUSSELL, Windsor, Ontario"
Listings,Price,"$699,900 "
Listings,Address,"3177 RUSSELL, Windsor, Ontario"
Listings,Price,"$699,900 "
Listings,Address,"736-744 OUELLETTE AVENUE, Windsor, Ontario"
Listings,Price,"$3,250,000 "
Listings,Address,"7555 WYANDOTTE East, Windsor, Ontario"
Listings,Price,"$2,000,000 "
Listings,Address,"2496 RIVARD AVENUE, Windsor, Ontario"
Listings,Price,"$689,000 "
Listings,Address,"839 ERIE STREET E, Windsor, Ontario"
Listings,Price,"$299,000 "
Listings,Address,"839 ERIE STREET E, Windsor, Ontario"
Listings,Price,"$2,199,000 "
Listings,Address,"839 ERIE Street E, Windsor, Ontario"
Listings,Price,"$2,199,000 "
Listings,Address,"839 ERIE Street E, Windsor, Ontario"
Listings,Price,"$299,000 "
Listings,Address,"STOP 26 & SANDPOINT BEACH, RIVERSIDE DRIVE East, Windsor, Ontario"
Listings,Price,"$138,000 "
Listings,Address,"V/L 8TH CONCESSION ROAD, Windsor, Ontario"
Listings,Price,"$11,600,000 "
Listings,Address,"1398 OTTAWA, Windsor, Ontario"
Listings,Price,"$250,000 "
Listings,Address,"1170 PELISSIER STREET, Windsor, Ontario"
Listings,Price,"$650,000 "
Listings,Address,"1181 OUELLETTE AVENUE, Windsor, Ontario"
Listings,Price,"$650,000 "
Listings,Address,"1181* OUELLETTE AVENUE, Windsor, Ontario"
Listings,Price,"$1,300,000 "
Listings,Address,"3402 SANDWICH Square, Windsor, Ontario"
Listings,Price,"$449,000 "
Listings,Address,"4027 SANDWICH STREET, Windsor, Ontario"
Listings,Price,"$1,500,000 "
Listings,Address,"3689 SANDWICH, Windsor, Ontario"
Listings,Price,"$1,250,000 "
Listings,Address,"2855 DODGE DRIVE, Windsor, Ontario"
Listings,Price,"$1 "
Listings,Address,"2840 DODGE DRIVE, Windsor, Ontario"
Listings,Price,"$1 "
Listings,Address,"1835 PROVINCIAL ROAD, Windsor, Ontario"
Listings,Price,"$6,999,000 "
Listings,Address,"1009 NIAGARA STREET, Windsor, Ontario"
Listings,Price,"$999,999 "
Listings,Address,"V/L YORKTOWN AVENUE, Windsor, Ontario"
Listings,Price,"$69,900 "
Listings,Address,"2136 HURON CHURCH ROAD, Windsor, Ontario"
Listings,Price,"$599,000 "
Listings,Address,"V/L NICHOLS, Windsor, Ontario"
Listings,Price,"$79,900 "
Listings,Address,"7021 WYANDOTTE STREET East, Windsor, Ontario"
Listings,Price,"$748,649 "
Listings,Address,"3817 HOWARD AVENUE Unit# 5A, Windsor, Ontario"
Listings,Price,"$821,000 "
Listings,Address,"V/L ST. CLAIR, Windsor, Ontario"
Listings,Price,"$87,000 "
Listings,Address,"3817 HOWARD AVENUE Unit# 4A, Windsor, Ontario"
Listings,Price,"$560,500 "
Listings,Address,"3689 SANDWICH, Windsor, Ontario"
Listings,Price,"$1,250,000 "
Listings,Address,"2855 DODGE DRIVE, Windsor, Ontario"
Listings,Price,"$1 "
Listings,Address,"2840 DODGE DRIVE, Windsor, Ontario"
Listings,Price,"$1 "
Listings,Address,"1835 PROVINCIAL ROAD, Windsor, Ontario"
Listings,Price,"$6,999,000 "
Listings,Address,"1009 NIAGARA STREET, Windsor, Ontario"
Listings,Price,"$999,999 "
Listings,Address,"V/L YORKTOWN AVENUE, Windsor, Ontario"
Listings,Price,"$69,900 "
Listings,Address,"2136 HURON CHURCH ROAD, Windsor, Ontario"
Listings,Price,"$599,000 "
Listings,Address,"V/L NICHOLS, Windsor, Ontario"
Listings,Price,"$79,900 "
Listings,Address,"7021 WYANDOTTE STREET East, Windsor, Ontario"
Listings,Price,"$748,649 "
Listings,Address,"3817 HOWARD AVENUE Unit# 5A, Windsor, Ontario"
Listings,Price,"$821,000 "
Listings,Address,"V/L ST. CLAIR, Windsor, Ontario"
Listings,Price,"$87,000 "
Listings,Address,"3817 HOWARD AVENUE Unit# 4A, Windsor, Ontario"
Listings,Price,"$560,500 "
HomePage,Text,"Search 300,454 listings from trusted REALTORS®"
HomePage,Text,"Why use a REALTOR®?"
HomePage,Text,"Latest Living Room Posts"
HomePage,Text,"Popular Cities"
HomePage,link,"https://www.realtor.ca/"
HomePage,link,"https://www.realtor.ca/my-account/account-information"
HomePage,link,"https://www.realtor.ca/my-settings/search-criteria"
HomePage,link,"https://www.realtor.ca/my-hidden-listings"
HomePage,link,"https://www.realtor.ca/my-notification-preferences/preferences"
HomePage,link,"https://www.realtor.ca/#"
HomePage,link,"https://www.realtor.ca/en"
HomePage,link,"https://www.realtor.ca/fr"
HomePage,link,"https://www.realtor.ca/map"
HomePage,link,"https://www.realtor.ca/realtors/location"
HomePage,link,"https://www.realtor.ca/realtors/name"
HomePage,link,"https://www.realtor.ca/brokerage"
HomePage,link,"https://www.realtor.ca/calculator/mortgage-calculator"
HomePage,link,"https://www.realtor.ca/calculator/refinance-calculator"
HomePage,link,"https://www.realtor.ca/calculator/land-transfer-tax"
HomePage,link,"https://www.realtor.ca/calculator/affordability"
HomePage,link,"https://www.realtor.ca/blog"
HomePage,link,"https://www.realtor.ca/blog/real-estate-101/page/1/1361"
HomePage,link,"https://www.realtor.ca/blog/market-trends/page/1/1362"
HomePage,link,"https://www.realtor.ca/blog/buying-or-selling/page/1/1363"
HomePage,link,"https://www.realtor.ca/blog/real-stories/page/1/1364"
HomePage,link,"https://www.realtor.ca/blog/neighbourhood-guides/page/1/1365"
HomePage,link,"https://www.realtor.ca/blog/home-improvements-and-design/page/1/1367"
HomePage,link,"https://www.realtor.ca/my-saved-searches"
HomePage,link,"https://www.realtor.ca/my-favourites"
HomePage,link,"https://www.realtor.ca/realtors"
HomePage,link,"https://www.realtor.ca/blog/winnipeg-manitoba-a-city-that-surprises/35946/1365"
HomePage,link,"https://www.realtor.ca/blog/analyzing-the-halifax-real-estate-market-and-future-forecast/35885/1362"
HomePage,link,"https://www.realtor.ca/blog/real-advice-with-rita-interest-rates-condo-window-coverings-and-diy-moving/35877/1361"
HomePage,link,"https://www.realtor.ca/TrendsInsights"
HomePage,link,"https://www.realtor.ca/on/toronto/real-estate"
HomePage,link,"https://www.realtor.ca/ab/calgary/real-estate"
HomePage,link,"https://www.realtor.ca/on/ottawa/real-estate"
HomePage,link,"https://www.realtor.ca/on/london/real-estate"
HomePage,link,"https://www.realtor.ca/on/hamilton/real-estate"
HomePage,link,"https://www.realtor.ca/ab/edmonton/real-estate"
HomePage,link,"https://www.realtor.ca/bc/vancouver/real-estate"
HomePage,link,"https://www.realtor.ca/on/mississauga/real-estate"
HomePage,link,"https://www.realtor.ca/bc/victoria/real-estate"
HomePage,link,"https://www.realtor.ca/mb/winnipeg/real-estate"
HomePage,link,"https://www.realtor.ca/bc/kelowna/real-estate"
HomePage,link,"https://www.realtor.ca/on/burlington/real-estate"
HomePage,link,"https://www.realtor.ca/on/oakville/real-estate"
HomePage,link,"https://www.realtor.ca/on/kitchener/real-estate"
HomePage,link,"https://www.realtor.ca/on/guelph/real-estate"
HomePage,link,"https://www.realtor.ca/on/barrie/real-estate"
HomePage,link,"https://www.realtor.ca/on/kingston/real-estate"
HomePage,link,"https://www.realtor.ca/on/windsor/real-estate"
HomePage,link,"https://www.realtor.ca/qc/montreal/real-estate"
HomePage,link,"https://www.realtor.ca/on/brampton/real-estate"
HomePage,link,"https://www.realtor.ca/on/waterloo/real-estate"
HomePage,link,"https://www.realtor.ca/on/cambridge/real-estate"
HomePage,link,"https://www.realtor.ca/on/peterborough/real-estate"
HomePage,link,"https://www.realtor.ca/on/oshawa/real-estate"
HomePage,link,"https://www.realtor.ca/on/sarnia/real-estate"
HomePage,link,"https://www.realtor.ca/on/milton/real-estate"
HomePage,link,"https://www.realtor.ca/on/markham/real-estate"
HomePage,link,"https://www.realtor.ca/on/toronto/etobicoke/real-estate"
HomePage,link,"https://www.realtor.ca/on/brantford/real-estate"
HomePage,link,"https://www.realtor.ca/bc/surrey/real-estate"
HomePage,link,"https://www.realtorscare.ca/canadian-realtors-care-award/kelly-byers/"
HomePage,link,"https://www.realtor.ca/realtors"
HomePage,link,"https://www.realtor.ca/#"
HomePage,link,"https://www.realtor.ca/commercial-resources"
HomePage,link,"https://www.realtor.ca/tips-for-buyers"
HomePage,link,"https://www.realtor.ca/tips-for-sellers"
HomePage,link,"https://www.realtor.ca/canada/real-estate"
HomePage,link,"https://www.realtor.ca/blog"
HomePage,link,"https://www.realtor.ca/about-realtorca"
HomePage,link,"https://www.realtor.ca/ddf"
HomePage,link,"https://www.crea.ca/about/organization/"
HomePage,link,"https://www.realtor.ca/realtor-code-of-ethics"
HomePage,link,"http://www.realtorscare.ca/"
HomePage,link,"https://www.realtor.ca/contact-us"
HomePage,link,"https://www.realtor.ca/frequently-asked-questions"
HomePage,link,"https://www.realtor.ca/privacy-policy"
HomePage,link,"https://www.realtor.ca/terms-of-use"
HomePage,link,"https://www.crea.ca/careers/"
HomePage,link,"http://itunes.apple.com/ca/app/realtor-ca/id408873309?mt=8"
HomePage,link,"https://play.google.com/store/apps/details?id=ca.crea.app.consumer&feature=search_result&hl=en"
HomePage,link,"https://facebook.com/realtordotca"
HomePage,link,"https://twitter.com/realtordotca"
HomePage,link,"https://instagram.com/realtordotca"
HomePage,link,"https://pinterest.com/realtordotca"
HomePage,Text,"Toronto Real Estate"
HomePage,Text,"Calgary Real Estate"
HomePage,Text,"Ottawa Real Estate"
HomePage,Text,"London Real Estate"
HomePage,Text,"Hamilton Real Estate"
HomePage,Text,"Edmonton Real Estate"
HomePage,Text,"Vancouver Real Estate"
HomePage,Text,"Mississauga Real Estate"
HomePage,Text,"Victoria Real Estate"
HomePage,Text,"Winnipeg Real Estate"
HomePage,Text,"Kelowna Real Estate"
HomePage,Text,"Burlington Real Estate"
HomePage,Text,"Oakville Real Estate"
HomePage,Text,"Kitchener Real Estate"
HomePage,Text,"Guelph Real Estate"
HomePage,Text,"Barrie Real Estate"
HomePage,Text,"Kingston Real Estate"
HomePage,Text,"Windsor Real Estate"
HomePage,Text,"Montreal Real Estate"
HomePage,Text,"Brampton Real Estate"
HomePage,Text,"Waterloo Real Estate"
HomePage,Text,"Cambridge Real Estate"
HomePage,Text,"Peterborough Real Estate"
HomePage,Text,"Oshawa Real Estate"
HomePage,Text,"Sarnia Real Estate"
HomePage,Text,"Milton Real Estate"
HomePage,Text,"Markham Real Estate"
HomePage,Text,"Etobicoke Real Estate"
HomePage,Text,"Brantford Real Estate"
HomePage,Text,"Surrey Real Estate"
HomePage,Text,"Find a REALTOR®"
HomePage,Text,"Create an Account"
HomePage,Text,"Commercial Resources"
HomePage,Text,"Tips for Buyers"
HomePage,Text,"Tips for Sellers"
HomePage,Text,"Canada Real Estate"
HomePage,Text,"Living Room Blog"
HomePage,Text,"About REALTOR.ca"
HomePage,Text,"REALTOR.ca DDF®"
HomePage,Text,"About CREA"
HomePage,Text,"REALTOR® Code of Ethics"
HomePage,Text,"REALTORS Care®"
HomePage,Text,"Contact Us"
HomePage,Text,"FAQ"
HomePage,Text,"Privacy Policy"
HomePage,Text,"Terms of Use"
HomePage,Text,"Careers"
HomePage,Image,"https://www.realtor.ca/images/logo.svg"
HomePage,Image,"https://www.realtor.ca/images/common/icons/svg/arrow-down-white2.svg"
HomePage,Image,"https://www.realtor.ca/images/common/icons/svg/profile-icon.svg"
HomePage,Image,"https://www.realtor.ca/images/common/icons/svg/profile-icon.svg"
HomePage,Image,"https://www.realtor.ca/images/common/icons/svg/arrowdown.svg"
HomePage,Image,"https://www.realtor.ca/images/common/icons/svg/arrowdown.svg"
HomePage,Image,"https://www.realtor.ca/images/common/icons/svg/arrowdown.svg"
HomePage,Image,"https://www.realtor.ca/images/common/icons/svg/searches.svg"
HomePage,Image,"https://www.realtor.ca/images/common/icons/svg/heart.svg"
HomePage,Image,"https://www.realtor.ca/images/common/icons/svg/house-white.svg"
HomePage,Image,"https://www.realtor.ca/images/common/icons/svg/commercial-white.svg"
HomePage,Image,"https://www.realtor.ca/images/common/icons/svg/search-white.svg"
HomePage,Image,"https://www.realtor.ca/images/en-ca/apple_app_store.svg"
HomePage,Image,"https://www.realtor.ca/images/en-ca/google_play.svg"
HomePage,Image,"https://www.realtor.ca/images/common/icons/svg/icon-facebook-transparent.svg"
HomePage,Image,"https://www.realtor.ca/images/common/icons/svg/icon-twitter-transparent.svg?v=2"
HomePage,Image,"https://www.realtor.ca/images/common/icons/svg/icon-instagram-transparent.svg"
HomePage,Image,"https://www.realtor.ca/images/common/icons/svg/icon-pinterest-transparent.svg"
HomePage,Image,"https://www.realtor.ca/images/common/icons/svg/mls-logo-footer.svg"
HomePage,Image,"https://www.realtor.ca/images/common/icons/svg/realtor-r-footer.svg"
HomePage,Image,"https://www.realtor.ca/images/common/icons/svg/history-green.svg"
HomePage,Image,"https://www.realtor.ca/images/common/icons/svg/map-grayblue.svg"
HomePage,Image,"https://www.realtor.ca/images/common/icons/svg/house-gray2.svg"
HomePage,Image,"https://ct.pinterest.com/v3/?event=init&tid=2613502625634&pd[em]=%3Chashed_email_address%3E&noscript=1"
HomePage,Image,"https://insight.adsrvr.org/track/pxl/?adv=qveappq&ct=0:hfen3te&fmt=3"
HomePage,Image,"https://www.facebook.com/tr?id=507373293206391&ev=PageView&noscript=1"
HomePage,Image,"https://www.facebook.com/tr?id=254019009807929&ev=PageView&noscript=1"
BlogPage,link,"https://www.realtor.ca/"
BlogPage,link,"https://www.realtor.ca/my-account/account-information"
BlogPage,link,"https://www.realtor.ca/my-settings/search-criteria"
BlogPage,link,"https://www.realtor.ca/my-hidden-listings"
BlogPage,link,"https://www.realtor.ca/my-notification-preferences/preferences"
BlogPage,link,"https://www.realtor.ca/blog/searchpage/page/1?searchterm=ONTARIO#"
BlogPage,link,"https://www.realtor.ca/blog?searchterm=ONTARIO"
BlogPage,link,"https://www.realtor.ca/blogue?searchterm=ONTARIO"
BlogPage,link,"https://www.realtor.ca/map"
BlogPage,link,"https://www.realtor.ca/realtors/location"
BlogPage,link,"https://www.realtor.ca/realtors/name"
BlogPage,link,"https://www.realtor.ca/brokerage"
BlogPage,link,"https://www.realtor.ca/calculator/mortgage-calculator"
BlogPage,link,"https://www.realtor.ca/calculator/refinance-calculator"
BlogPage,link,"https://www.realtor.ca/calculator/land-transfer-tax"
BlogPage,link,"https://www.realtor.ca/calculator/affordability"
BlogPage,link,"https://www.realtor.ca/blog"
BlogPage,link,"https://www.realtor.ca/blog/real-estate-101/page/1/1361"
BlogPage,link,"https://www.realtor.ca/blog/market-trends/page/1/1362"
BlogPage,link,"https://www.realtor.ca/blog/buying-or-selling/page/1/1363"
BlogPage,link,"https://www.realtor.ca/blog/real-stories/page/1/1364"
BlogPage,link,"https://www.realtor.ca/blog/neighbourhood-guides/page/1/1365"
BlogPage,link,"https://www.realtor.ca/blog/home-improvements-and-design/page/1/1367"
BlogPage,link,"https://www.realtor.ca/my-saved-searches"
BlogPage,link,"https://www.realtor.ca/my-favourites"
BlogPage,link,"https://www.realtor.ca/blog"
BlogPage,link,"null"
BlogPage,link,"https://www.realtor.ca/blog/analyzing-the-halifax-real-estate-market-and-future-forecast/35885/1362"
BlogPage,link,"https://www.realtor.ca/blog/analyzing-the-halifax-real-estate-market-and-future-forecast/35885/1362"
BlogPage,link,"https://www.realtor.ca/blog/analyzing-the-halifax-real-estate-market-and-future-forecast/35885/1362"
BlogPage,link,"https://www.realtor.ca/blog/market-trends/page/1/1362"
BlogPage,link,"https://www.realtor.ca/blog/authors/60/wendy-helfenbaum/page/1?authorinfo=whelfenbaum"
BlogPage,link,"https://www.realtor.ca/blog/authors/60/wendy-helfenbaum/page/1?authorinfo=whelfenbaum"
BlogPage,link,"https://www.realtor.ca/blog/keep-your-hvac-happy-maintenance-tips-for-homeowners/35809/1367"
BlogPage,link,"https://www.realtor.ca/blog/keep-your-hvac-happy-maintenance-tips-for-homeowners/35809/1367"
BlogPage,link,"https://www.realtor.ca/blog/keep-your-hvac-happy-maintenance-tips-for-homeowners/35809/1367"
BlogPage,link,"https://www.realtor.ca/blog/home-improvements-and-design/page/1/1367"
BlogPage,link,"https://www.realtor.ca/blog/authors/171/david-elver/page/1?authorinfo=david-elver"
BlogPage,link,"https://www.realtor.ca/blog/authors/171/david-elver/page/1?authorinfo=david-elver"
BlogPage,link,"https://www.realtor.ca/blog/the-state-of-canadas-cottage-chalet-and-cabin-markets/35826/1362"
BlogPage,link,"https://www.realtor.ca/blog/the-state-of-canadas-cottage-chalet-and-cabin-markets/35826/1362"
BlogPage,link,"https://www.realtor.ca/blog/the-state-of-canadas-cottage-chalet-and-cabin-markets/35826/1362"
BlogPage,link,"https://www.realtor.ca/blog/market-trends/page/1/1362"
BlogPage,link,"https://www.realtor.ca/blog/authors/60/wendy-helfenbaum/page/1?authorinfo=whelfenbaum"
BlogPage,link,"https://www.realtor.ca/blog/authors/60/wendy-helfenbaum/page/1?authorinfo=whelfenbaum"
BlogPage,link,"https://www.realtor.ca/blog/all-in-the-family-mother-daughter-realtor-teams-highlight-the-power-of-women-in-real-estate/35754/1364"
BlogPage,link,"https://www.realtor.ca/blog/all-in-the-family-mother-daughter-realtor-teams-highlight-the-power-of-women-in-real-estate/35754/1364"
BlogPage,link,"https://www.realtor.ca/blog/all-in-the-family-mother-daughter-realtor-teams-highlight-the-power-of-women-in-real-estate/35754/1364"
BlogPage,link,"https://www.realtor.ca/blog/real-stories/page/1/1364"
BlogPage,link,"https://www.realtor.ca/blog/authors/127/meagan-kelly/page/1?authorinfo=meagan-kelly"
BlogPage,link,"https://www.realtor.ca/blog/authors/127/meagan-kelly/page/1?authorinfo=meagan-kelly"
BlogPage,link,"https://www.realtor.ca/blog/the-largest-garage-sales-in-canada-where-hidden-treasures-await/35770/1365"
BlogPage,link,"https://www.realtor.ca/blog/the-largest-garage-sales-in-canada-where-hidden-treasures-await/35770/1365"
BlogPage,link,"https://www.realtor.ca/blog/the-largest-garage-sales-in-canada-where-hidden-treasures-await/35770/1365"
BlogPage,link,"https://www.realtor.ca/blog/neighbourhood-guides/page/1/1365"
BlogPage,link,"https://www.realtor.ca/blog/authors/159/rachael-westgate/page/1?authorinfo=rachael-westgate"
BlogPage,link,"https://www.realtor.ca/blog/authors/159/rachael-westgate/page/1?authorinfo=rachael-westgate"
BlogPage,link,"https://www.realtor.ca/blog/real-advice-with-rita-moving-interprovincially-title-insurance-and-bathroom-reno-decisions/35735/1361"
BlogPage,link,"https://www.realtor.ca/blog/real-advice-with-rita-moving-interprovincially-title-insurance-and-bathroom-reno-decisions/35735/1361"
BlogPage,link,"https://www.realtor.ca/blog/real-advice-with-rita-moving-interprovincially-title-insurance-and-bathroom-reno-decisions/35735/1361"
BlogPage,link,"https://www.realtor.ca/blog/real-estate-101/page/1/1361"
BlogPage,link,"https://www.realtor.ca/blog/authors/120/rita/page/1?authorinfo=real-advice-with-rita"
BlogPage,link,"https://www.realtor.ca/blog/authors/120/rita/page/1?authorinfo=real-advice-with-rita"
BlogPage,link,"https://www.realtor.ca/blog/sustainable-home-solutions-to-help-you-live-greener/35717/1367"
BlogPage,link,"https://www.realtor.ca/blog/sustainable-home-solutions-to-help-you-live-greener/35717/1367"
BlogPage,link,"https://www.realtor.ca/blog/sustainable-home-solutions-to-help-you-live-greener/35717/1367"
BlogPage,link,"https://www.realtor.ca/blog/home-improvements-and-design/page/1/1367"
BlogPage,link,"https://www.realtor.ca/blog/authors/83/realtorca-team/page/1?authorinfo=realtor-ca-team"
BlogPage,link,"https://www.realtor.ca/blog/authors/83/realtorca-team/page/1?authorinfo=realtor-ca-team"
BlogPage,link,"https://www.realtor.ca/blog/realtorca-home-buying-madness-results-what-won-and-why/35574/1361"
BlogPage,link,"https://www.realtor.ca/blog/realtorca-home-buying-madness-results-what-won-and-why/35574/1361"
BlogPage,link,"https://www.realtor.ca/blog/realtorca-home-buying-madness-results-what-won-and-why/35574/1361"
BlogPage,link,"https://www.realtor.ca/blog/real-estate-101/page/1/1361"
BlogPage,link,"https://www.realtor.ca/blog/authors/83/realtorca-team/page/1?authorinfo=realtor-ca-team"
BlogPage,link,"https://www.realtor.ca/blog/authors/83/realtorca-team/page/1?authorinfo=realtor-ca-team"
BlogPage,link,"https://www.realtor.ca/blog/stratford-ontario-never-say-never-on-the-festival-city/35552/1365"
BlogPage,link,"https://www.realtor.ca/blog/stratford-ontario-never-say-never-on-the-festival-city/35552/1365"
BlogPage,link,"https://www.realtor.ca/blog/stratford-ontario-never-say-never-on-the-festival-city/35552/1365"
BlogPage,link,"https://www.realtor.ca/blog/neighbourhood-guides/page/1/1365"
BlogPage,link,"https://www.realtor.ca/blog/authors/172/cory-smith/page/1?authorinfo=cory-smith"
BlogPage,link,"https://www.realtor.ca/blog/authors/172/cory-smith/page/1?authorinfo=cory-smith"
BlogPage,link,"https://www.realtor.ca/blog/everything-you-need-to-know-to-get-your-home-ready-to-sell/35471/1363"
BlogPage,link,"https://www.realtor.ca/blog/everything-you-need-to-know-to-get-your-home-ready-to-sell/35471/1363"
BlogPage,link,"https://www.realtor.ca/blog/everything-you-need-to-know-to-get-your-home-ready-to-sell/35471/1363"
BlogPage,link,"https://www.realtor.ca/blog/buying-or-selling/page/1/1363"
BlogPage,link,"https://www.realtor.ca/blog/authors/83/realtorca-team/page/1?authorinfo=realtor-ca-team"
BlogPage,link,"https://www.realtor.ca/blog/authors/83/realtorca-team/page/1?authorinfo=realtor-ca-team"
BlogPage,link,"https://www.realtor.ca/blog/searchpage/page/2?searchterm=ontario"
BlogPage,link,"https://www.realtor.ca/blog/buying-a-home-tips-for-home-buyers/31601/1363"
BlogPage,link,"https://www.realtor.ca/blog/buying-a-home-tips-for-home-buyers/31601/1363"
BlogPage,link,"https://www.realtor.ca/blog/how-to-sell-your-home-a-step-by-step-guide/31912/1363"
BlogPage,link,"https://www.realtor.ca/blog/how-to-sell-your-home-a-step-by-step-guide/31912/1363"
BlogPage,link,"https://www.realtor.ca/blog/are-you-financially-ready-to-buy-a-home/31692/1363"
BlogPage,link,"https://www.realtor.ca/blog/are-you-financially-ready-to-buy-a-home/31692/1363"
BlogPage,link,"https://www.realtor.ca/realtors"
BlogPage,link,"https://www.realtor.ca/blog/searchpage/page/1?searchterm=ONTARIO#"
BlogPage,link,"https://www.realtor.ca/commercial-resources"
BlogPage,link,"https://www.realtor.ca/tips-for-buyers"
BlogPage,link,"https://www.realtor.ca/tips-for-sellers"
BlogPage,link,"https://www.realtor.ca/canada/real-estate"
BlogPage,link,"https://www.realtor.ca/blog"
BlogPage,link,"https://www.realtor.ca/about-realtorca"
BlogPage,link,"https://www.realtor.ca/ddf"
BlogPage,link,"https://www.crea.ca/about/organization/"
BlogPage,link,"https://www.realtor.ca/realtor-code-of-ethics"
BlogPage,link,"http://www.realtorscare.ca/"
BlogPage,link,"https://www.realtor.ca/contact-us"
BlogPage,link,"https://www.realtor.ca/frequently-asked-questions"
BlogPage,link,"https://www.realtor.ca/privacy-policy"
BlogPage,link,"https://www.realtor.ca/terms-of-use"
BlogPage,link,"https://www.crea.ca/careers/"
BlogPage,link,"http://itunes.apple.com/ca/app/realtor-ca/id408873309?mt=8"
BlogPage,link,"https://play.google.com/store/apps/details?id=ca.crea.app.consumer&feature=search_result&hl=en"
BlogPage,link,"https://facebook.com/realtordotca"
BlogPage,link,"https://twitter.com/realtordotca"
BlogPage,link,"https://instagram.com/realtordotca"
BlogPage,link,"https://pinterest.com/realtordotca"
BlogPage,Text,"Analyzing the Halifax Real Estate Market and Future Forecast"
BlogPage,Text,"Keep Your HVAC Happy: Maintenance Tips for Homeowners"
BlogPage,Text,"The State of Canada’s Cottage, Chalet, and Cabin Markets"
BlogPage,Text,"All in the Family: Mother-Daughter REALTOR® Teams Highlight the Power of Women in Real Estate"
BlogPage,Text,"The Largest Garage Sales in Canada: Where Hidden Treasures Await"
BlogPage,Text,"Real Advice with Rita: Moving Interprovincially, Title Insurance, and Bathroom Reno Decisions"
BlogPage,Text,"Sustainable Home Solutions to Help You Live Greener"
BlogPage,Text,"REALTOR.ca Home Buying Madness Results: What Won and Why"
BlogPage,Text,"Stratford, Ontario: Never Say Never on the Festival City"
BlogPage,Text,"Everything You Need to Know to Get Your Home Ready to Sell"
BlogPage,Menu Option,"Home"
BlogPage,Menu Option,""
BlogPage,Menu Option,"Real Estate 101"
BlogPage,Menu Option,""
BlogPage,Menu Option,"Market Trends"
BlogPage,Menu Option,""
BlogPage,Menu Option,"Buying or Selling"
BlogPage,Menu Option,""
BlogPage,Menu Option,"REAL Stories"
BlogPage,Menu Option,""
BlogPage,Menu Option,"Neighbourhood Guides"
BlogPage,Menu Option,""
BlogPage,Menu Option,"Home Improvements and Design"
BlogPage,Menu Option,""
