Price,Address,Details,URL,Image File
"$729,000","105 - 293 THE KINSWAY WAY, Toronto, ON",2 bed 2 bath,https://www.remax.ca/on/toronto-real-estate/105-293-the-kinsway-way-wp_idm73000004-26983113-lst,images/105___293_THE_KINSWAY_WAY__Toronto__ON.jpg
"$2,150","208 - 205 KEELE STREET, Toronto, ON",1 bed 1 bath,https://www.remax.ca/on/toronto-real-estate/208-205-keele-street-wp_idm73000004-26983109-lst,images/208___205_KEELE_STREET__Toronto__ON.jpg
"$1,049,000","395 SCARBOROUGH ROAD, Toronto, ON",3 bed 2 bath,https://www.remax.ca/on/toronto-real-estate/395-scarborough-road-wp_idm73000004-26983073-lst,images/395_SCARBOROUGH_ROAD__Toronto__ON.jpg
"$1,999,000","22 INNISMORE CRESCENT, Toronto, ON",4 bed 5 bath,https://www.remax.ca/on/toronto-real-estate/22-innismore-crescent-wp_idm73000004-26983065-lst,images/22_INNISMORE_CRESCENT__Toronto__ON.jpg
"$1,100,000","2912 - 300 FRONT STREET W, Toronto, ON",3 bed 2 bath,https://www.remax.ca/on/toronto-real-estate/2912-300-front-street-w-wp_idm73000004-26983059-lst,images/2912___300_FRONT_STREET_W__Toronto__ON.jpg
"$3,299,900","PH1034 - 55 STEWART STREET, Toronto, ON",2 bed 3 bath,https://www.remax.ca/on/toronto-real-estate/ph1034-55-stewart-street-wp_idm73000004-26983051-lst,images/PH1034___55_STEWART_STREET__Toronto__ON.jpg
"$888,000","171 CEDRIC AVENUE, Toronto, ON",n/a bed 0 bath,https://www.remax.ca/on/toronto-real-estate/171-cedric-avenue-wp_idm73000004-26983054-lst,images/171_CEDRIC_AVENUE__Toronto__ON.jpg
"$899,000","917 LANSDOWNE AVENUE, Toronto, ON",3 bed 2 bath,https://www.remax.ca/on/toronto-real-estate/917-lansdowne-avenue-wp_idm73000004-26982692-lst,images/917_LANSDOWNE_AVENUE__Toronto__ON.jpg
"$1,350,000","23 MELODY ROAD, Toronto, ON",5 bed 4 bath,https://www.remax.ca/on/toronto-real-estate/23-melody-road-wp_idm73000004-26982688-lst,images/23_MELODY_ROAD__Toronto__ON.jpg
"$494,900","1001 - 200 LOTHERTON PATHWAY, Toronto, ON",3 bed 1 bath,https://www.remax.ca/on/toronto-real-estate/1001-200-lotherton-pathway-wp_idm73000004-26982693-lst,images/1001___200_LOTHERTON_PATHWAY__Toronto__ON.jpg
"$1,099,000","PH2901 - 205 WYNFORD DRIVE, Toronto, ON",2 bed 2 bath,https://www.remax.ca/on/toronto-real-estate/ph2901-205-wynford-drive-wp_idm73000004-26982608-lst,images/PH2901___205_WYNFORD_DRIVE__Toronto__ON.jpg
"$979,000","616 OAKWOOD AVENUE, Toronto, ON",3 bed 2 bath,https://www.remax.ca/luxury/on/toronto-real-estate/616-oakwood-avenue-wp_idm73000004-26982609-lst,images/616_OAKWOOD_AVENUE__Toronto__ON.jpg
"$658,000","4604 - 197 YONGE STREET, Toronto, ON",1 bed 1 bath,https://www.remax.ca/on/toronto-real-estate/4604-197-yonge-street-wp_idm73000004-26982606-lst,images/4604___197_YONGE_STREET__Toronto__ON.jpg
"$1,599,000","23 ROWLEY AVENUE, Toronto, ON",3 bed 2 bath,https://www.remax.ca/on/toronto-real-estate/23-rowley-avenue-wp_idm73000004-26982605-lst,images/23_ROWLEY_AVENUE__Toronto__ON.jpg
"$775,000","1108 - 38 THE ESPLANADE, Toronto, ON",2 bed 1 bath,https://www.remax.ca/on/toronto-real-estate/1108-38-the-esplanade-wp_idm73000004-26982600-lst,images/1108___38_THE_ESPLANADE__Toronto__ON.jpg
"$1,100,000","1906 - 300 BLOOR STREET E, Toronto, ON",2 bed 2 bath,https://www.remax.ca/on/toronto-real-estate/1906-300-bloor-street-e-wp_idm73000004-26982573-lst,images/1906___300_BLOOR_STREET_E__Toronto__ON.jpg
"$1,400,000","233 DAVID DUNLAP CIRCLE E, Toronto, ON",3 bed 6 bath,https://www.remax.ca/on/toronto-real-estate/233-david-dunlap-circle-e-wp_idm73000004-26982579-lst,images/233_DAVID_DUNLAP_CIRCLE_E__Toronto__ON.jpg
"$1,345,000","637 - 55 STEWART STREET, Toronto, ON",2 bed 2 bath,https://www.remax.ca/on/toronto-real-estate/637-55-stewart-street-wp_idm73000004-26982576-lst,images/637___55_STEWART_STREET__Toronto__ON.jpg
"$3,195,000","86 GORMLEY AVENUE, Toronto, ON",4 bed 4 bath,https://www.remax.ca/on/toronto-real-estate/86-gormley-avenue-wp_idm73000004-26981800-lst,images/86_GORMLEY_AVENUE__Toronto__ON.jpg
"$1,398,000","103 - 520 RIVERSIDE DRIVE, Toronto, ON",2 bed 2 bath,https://www.remax.ca/on/toronto-real-estate/103-520-riverside-drive-wp_idm73000004-26981975-lst,images/103___520_RIVERSIDE_DRIVE__Toronto__ON.jpg
"$1,865,000","152 HUMBERCREST BOULEVARD, Toronto, ON",4 bed 2 bath,https://www.remax.ca/on/toronto-real-estate/152-humbercrest-boulevard-wp_idm73000004-26981936-lst,images/152_HUMBERCREST_BOULEVARD__Toronto__ON.jpg
"$1,248,800","71 QUEENS AVENUE, Toronto, ON",3 bed 2 bath,https://www.remax.ca/on/toronto-real-estate/71-queens-avenue-wp_idm73000004-26981943-lst,images/71_QUEENS_AVENUE__Toronto__ON.jpg
"$899,000","86 CAYUGA AVENUE, Toronto, ON",3 bed 2 bath,https://www.remax.ca/on/toronto-real-estate/86-cayuga-avenue-wp_idm73000004-26981937-lst,images/86_CAYUGA_AVENUE__Toronto__ON.jpg
"$589,800","1811 - 3077 WESTON ROAD, Toronto, ON",2 bed 2 bath,https://www.remax.ca/on/toronto-real-estate/1811-3077-weston-road-wp_idm73000004-26981924-lst,images/1811___3077_WESTON_ROAD__Toronto__ON.jpg
"$1,999,000","909 ROYAL YORK ROAD, Toronto, ON",4 bed 3 bath,https://www.remax.ca/on/toronto-real-estate/909-royal-york-road-wp_idm73000004-26981929-lst,images/909_ROYAL_YORK_ROAD__Toronto__ON.jpg
"$1,299,900","70 FORTHBRIDGE CRESCENT, Toronto, ON",5 bed 2 bath,https://www.remax.ca/on/toronto-real-estate/70-forthbridge-crescent-wp_idm73000004-26981922-lst,images/70_FORTHBRIDGE_CRESCENT__Toronto__ON.jpg
"$1,490,000","54 ASH CRESCENT, Toronto, ON",2 bed 2 bath,https://www.remax.ca/on/toronto-real-estate/54-ash-crescent-wp_idm73000004-26981920-lst,images/54_ASH_CRESCENT__Toronto__ON.jpg
"$459,000","535 - 665 KENNEDY ROAD, Toronto, ON",3 bed 2 bath,https://www.remax.ca/on/toronto-real-estate/535-665-kennedy-road-wp_idm73000004-26981831-lst,images/535___665_KENNEDY_ROAD__Toronto__ON.jpg
"$949,000","51 SLOLEY ROAD, Toronto, ON",4 bed 2 bath,https://www.remax.ca/on/toronto-real-estate/51-sloley-road-wp_idm73000004-26981825-lst,images/51_SLOLEY_ROAD__Toronto__ON.jpg
"$1,799,000","199 BOULTON AVENUE, Toronto, ON",3 bed 4 bath,https://www.remax.ca/on/toronto-real-estate/199-boulton-avenue-wp_idm73000004-26981823-lst,images/199_BOULTON_AVENUE__Toronto__ON.jpg
"$1,728,000","371 ASHDALE AVENUE, Toronto, ON",4 bed 3 bath,https://www.remax.ca/on/toronto-real-estate/371-ashdale-avenue-wp_idm73000004-26981815-lst,images/371_ASHDALE_AVENUE__Toronto__ON.jpg
"$1,249,900","41 WESTLAKE CRESCENT, Toronto, ON",4 bed 3 bath,https://www.remax.ca/on/toronto-real-estate/41-westlake-crescent-wp_idm73000004-26981818-lst,images/41_WESTLAKE_CRESCENT__Toronto__ON.jpg
"$649,000","501 - 150 NEPTUNE DRIVE, Toronto, ON",3 bed 2 bath,https://www.remax.ca/on/toronto-real-estate/501-150-neptune-drive-wp_idm73000004-26981803-lst,images/501___150_NEPTUNE_DRIVE__Toronto__ON.jpg
"$608,888","3708 - 197 YONGE STREET, Toronto, ON",1 bed 1 bath,https://www.remax.ca/on/toronto-real-estate/3708-197-yonge-street-wp_idm73000004-26981802-lst,images/3708___197_YONGE_STREET__Toronto__ON.jpg
"$939,000","2503 - 49 EAST LIBERTY STREET, Toronto, ON",4 bed 2 bath,https://www.remax.ca/on/toronto-real-estate/2503-49-east-liberty-street-wp_idm73000004-26981797-lst,images/2503___49_EAST_LIBERTY_STREET__Toronto__ON.jpg
"$2,938,000","335 MELROSE AVENUE, Toronto, ON",5 bed 5 bath,https://www.remax.ca/on/toronto-real-estate/335-melrose-avenue-wp_idm73000004-26981779-lst,images/335_MELROSE_AVENUE__Toronto__ON.jpg
"$3,500,000","1177 AVENUE ROAD, Toronto, ON",3 bed 4 bath,https://www.remax.ca/on/toronto-real-estate/1177-avenue-road-wp_idm73000004-26981770-lst,images/1177_AVENUE_ROAD__Toronto__ON.jpg
"$3,395","5 - 1472 AVENUE ROAD, Toronto, ON",2 bed 1 bath,https://www.remax.ca/on/toronto-real-estate/5-1472-avenue-road-wp_idm73000004-26981774-lst,images/5___1472_AVENUE_ROAD__Toronto__ON.jpg
"$3,395","4 - 1472 AVENUE ROAD, Toronto, ON",2 bed 1 bath,https://www.remax.ca/on/toronto-real-estate/4-1472-avenue-road-wp_idm73000004-26981768-lst,images/4___1472_AVENUE_ROAD__Toronto__ON.jpg
"$568,000","812 - 75 QUEENS WHARF ROAD, Toronto, ON",1 bed 1 bath,https://www.remax.ca/on/toronto-real-estate/812-75-queens-wharf-road-wp_idm73000004-26981766-lst,images/812___75_QUEENS_WHARF_ROAD__Toronto__ON.jpg
"$3,395","3 - 1472 AVENUE ROAD, Toronto, ON",2 bed 1 bath,https://www.remax.ca/on/toronto-real-estate/3-1472-avenue-road-wp_idm73000004-26981760-lst,images/3___1472_AVENUE_ROAD__Toronto__ON.jpg
"$998,888","188 OAKWOOD AVENUE, Toronto, ON",6 bed 3 bath,https://www.remax.ca/on/toronto-real-estate/188-oakwood-avenue-wp_idm73000004-26981751-lst,images/188_OAKWOOD_AVENUE__Toronto__ON.jpg
"$899,000","1602 - 19 GRAND TRUNK CRESCENT, Toronto, ON",2 bed 2 bath,https://www.remax.ca/on/toronto-real-estate/1602-19-grand-trunk-crescent-wp_idm73000004-26981750-lst,images/1602___19_GRAND_TRUNK_CRESCENT__Toronto__ON.jpg
"$2,749,000","130 KEEWATIN AVENUE, Toronto, ON",6 bed 4 bath,https://www.remax.ca/on/toronto-real-estate/130-keewatin-avenue-wp_idm73000004-26981755-lst,images/130_KEEWATIN_AVENUE__Toronto__ON.jpg
"$599,999","1612 - 80 QUEENS WHARF ROAD, Toronto, ON",2 bed 1 bath,https://www.remax.ca/on/toronto-real-estate/1612-80-queens-wharf-road-wp_idm73000004-26981762-lst,images/1612___80_QUEENS_WHARF_ROAD__Toronto__ON.jpg
"$2,195","1 - 1436 AVENUE ROAD, Toronto, ON",1 bed 1 bath,https://www.remax.ca/on/toronto-real-estate/1-1436-avenue-road-wp_idm73000004-26981759-lst,images/1___1436_AVENUE_ROAD__Toronto__ON.jpg
"$799,000","601 - 1815 YONGE STREET, Toronto, ON",2 bed 1 bath,https://www.remax.ca/on/toronto-real-estate/601-1815-yonge-street-wp_idm73000004-26981740-lst,images/601___1815_YONGE_STREET__Toronto__ON.jpg
"$699,000","2210 - 381 FRONT STREET W, Toronto, ON",3 bed 2 bath,https://www.remax.ca/on/toronto-real-estate/2210-381-front-street-w-wp_idm73000004-26981736-lst,images/2210___381_FRONT_STREET_W__Toronto__ON.jpg
"$499,000","3501 - 195 REDPATH AVENUE, Toronto, ON",2 bed 1 bath,https://www.remax.ca/on/toronto-real-estate/3501-195-redpath-avenue-wp_idm73000004-26981735-lst,images/3501___195_REDPATH_AVENUE__Toronto__ON.jpg
"$635,000","407 - 1030 KING STREET W, Toronto, ON",2 bed 1 bath,https://www.remax.ca/on/toronto-real-estate/407-1030-king-street-w-wp_idm73000004-26981727-lst,images/407___1030_KING_STREET_W__Toronto__ON.jpg
"$589,000","1706 - 21 OVERLEA BOULEVARD, Toronto, ON",2 bed 2 bath,https://www.remax.ca/on/toronto-real-estate/1706-21-overlea-boulevard-wp_idm73000004-26981734-lst,images/1706___21_OVERLEA_BOULEVARD__Toronto__ON.jpg
"$488,000","3604 - 70 TEMPERANCE STREET, Toronto, ON",0 bed 1 bath,https://www.remax.ca/on/toronto-real-estate/3604-70-temperance-street-wp_idm73000004-26981726-lst,images/3604___70_TEMPERANCE_STREET__Toronto__ON.jpg
"$2,349","1 - 1472 AVENUE ROAD, Toronto, ON",1 bed 1 bath,https://www.remax.ca/on/toronto-real-estate/1-1472-avenue-road-wp_idm73000004-26981721-lst,images/1___1472_AVENUE_ROAD__Toronto__ON.jpg
"$3,395","2 - 1472 AVENUE ROAD, Toronto, ON",2 bed 1 bath,https://www.remax.ca/on/toronto-real-estate/2-1472-avenue-road-wp_idm73000004-26981722-lst,images/2___1472_AVENUE_ROAD__Toronto__ON.jpg
"$1,998,000","1926 LAKE SHORE Boulevard W Unit# PH01, Toronto, ON",3 bed 3 bath,https://www.remax.ca/on/toronto-real-estate/1926-lake-shore-boulevard-w-unit-ph01-wp_idm73000004-26981626-lst,images/1926_LAKE_SHORE_Boulevard_W_Unit__PH01__Toronto__ON.jpg
"$565,000","403 - 2087 LAKE SHORE BOULEVARD, Toronto, ON",1 bed 1 bath,https://www.remax.ca/on/toronto-real-estate/403-2087-lake-shore-boulevard-wp_idm73000004-26981103-lst,images/403___2087_LAKE_SHORE_BOULEVARD__Toronto__ON.jpg
"$1,325,000","271 PELLATT AVENUE, Toronto, ON",4 bed 3 bath,https://www.remax.ca/on/toronto-real-estate/271-pellatt-avenue-wp_idm73000004-26981110-lst,images/271_PELLATT_AVENUE__Toronto__ON.jpg
"$899,000","PH01 - 10 PARK LAWN ROAD, Toronto, ON",2 bed 2 bath,https://www.remax.ca/on/toronto-real-estate/ph01-10-park-lawn-road-wp_idm73000004-26981104-lst,images/PH01___10_PARK_LAWN_ROAD__Toronto__ON.jpg
"$899,000","301 HARVIE AVENUE, Toronto, ON",3 bed 2 bath,https://www.remax.ca/on/toronto-real-estate/301-harvie-avenue-wp_idm73000004-26981093-lst,images/301_HARVIE_AVENUE__Toronto__ON.jpg
"$680,000","604 - 5101 DUNDAS STREET W, Toronto, ON",2 bed 2 bath,https://www.remax.ca/on/toronto-real-estate/604-5101-dundas-street-w-wp_idm73000004-26981108-lst,images/604___5101_DUNDAS_STREET_W__Toronto__ON.jpg
"$1,199,000","35 WESLEY STREET, Toronto, ON",5 bed 2 bath,https://www.remax.ca/on/toronto-real-estate/35-wesley-street-wp_idm73000004-26981072-lst,images/35_WESLEY_STREET__Toronto__ON.jpg
"$599,990","610 - 3091 DUFFERIN STREET, Toronto, ON",2 bed 1 bath,https://www.remax.ca/on/toronto-real-estate/610-3091-dufferin-street-wp_idm73000004-26981076-lst,images/610___3091_DUFFERIN_STREET__Toronto__ON.jpg
"$1,099,000","140 LIVINGSTONE AVENUE, Toronto, ON",4 bed 4 bath,https://www.remax.ca/on/toronto-real-estate/140-livingstone-avenue-wp_idm73000004-26981062-lst,images/140_LIVINGSTONE_AVENUE__Toronto__ON.jpg
"$1,875,000","1178 ROYAL YORK ROAD, Toronto, ON",6 bed 2 bath,https://www.remax.ca/on/toronto-real-estate/1178-royal-york-road-wp_idm73000004-26981069-lst,images/1178_ROYAL_YORK_ROAD__Toronto__ON.jpg
"$505,000","214 - 1787 ST CLAIR AVENUE W, Toronto, ON",2 bed 2 bath,https://www.remax.ca/on/toronto-real-estate/214-1787-st-clair-avenue-w-wp_idm73000004-26981060-lst,images/214___1787_ST_CLAIR_AVENUE_W__Toronto__ON.jpg
"$950,000","202 - 2267 LAKE SHORE BOULEVARD, Toronto, ON",2 bed 2 bath,https://www.remax.ca/on/toronto-real-estate/202-2267-lake-shore-boulevard-wp_idm73000004-26981045-lst,images/202___2267_LAKE_SHORE_BOULEVARD__Toronto__ON.jpg
"$499,000","603 - 3100 KEELE STREET, Toronto, ON",2 bed 1 bath,https://www.remax.ca/on/toronto-real-estate/603-3100-keele-street-wp_idm73000004-26981053-lst,images/603___3100_KEELE_STREET__Toronto__ON.jpg
"$1,648,000","44 PARKVIEW HILL CRESCENT, Toronto, ON",4 bed 2 bath,https://www.remax.ca/on/toronto-real-estate/44-parkview-hill-crescent-wp_idm73000004-26980973-lst,images/44_PARKVIEW_HILL_CRESCENT__Toronto__ON.jpg
"$899,000","1821 - 33 HARBOUR SQUARE, Toronto, ON",1 bed 1 bath,https://www.remax.ca/on/toronto-real-estate/1821-33-harbour-square-wp_idm73000004-26980935-lst,images/1821___33_HARBOUR_SQUARE__Toronto__ON.jpg
"$2,399,000","PH3405 - 15 QUEENS QUAY E, Toronto, ON",3 bed 2 bath,https://www.remax.ca/on/toronto-real-estate/ph3405-15-queens-quay-e-wp_idm73000004-26980933-lst,images/PH3405___15_QUEENS_QUAY_E__Toronto__ON.jpg
"$1,098,000","311 - 501 ADELAIDE STREET W, Toronto, ON",3 bed 2 bath,https://www.remax.ca/on/toronto-real-estate/311-501-adelaide-street-w-wp_idm73000004-26980951-lst,images/311___501_ADELAIDE_STREET_W__Toronto__ON.jpg
"$1,398,000","18 CONNAUGHT AVENUE, Toronto, ON",3 bed 3 bath,https://www.remax.ca/on/toronto-real-estate/18-connaught-avenue-wp_idm73000004-26980962-lst,images/18_CONNAUGHT_AVENUE__Toronto__ON.jpg
"$849,900","206 - 1960 QUEEN STREET, Toronto, ON",1 bed 1 bath,https://www.remax.ca/on/toronto-real-estate/206-1960-queen-street-wp_idm73000004-26980954-lst,images/206___1960_QUEEN_STREET__Toronto__ON.jpg
"$2,395","14 - 510 JARVIS STREET, Toronto, ON",1 bed 1 bath,https://www.remax.ca/on/toronto-real-estate/14-510-jarvis-street-wp_idm73000004-26980946-lst,images/14___510_JARVIS_STREET__Toronto__ON.jpg
"$690,000","1010 - 426 UNIVERSITY AVENUE, Toronto, ON",2 bed 1 bath,https://www.remax.ca/on/toronto-real-estate/1010-426-university-avenue-wp_idm73000004-26980914-lst,images/1010___426_UNIVERSITY_AVENUE__Toronto__ON.jpg
"$638,000","3004 - 30 ROEHAMPTON AVENUE, Toronto, ON",1 bed 1 bath,https://www.remax.ca/on/toronto-real-estate/3004-30-roehampton-avenue-wp_idm73000004-26980929-lst,images/3004___30_ROEHAMPTON_AVENUE__Toronto__ON.jpg
"$588,000","3204 - 55 BREMNER BOULEVARD, Toronto, ON",2 bed 1 bath,https://www.remax.ca/on/toronto-real-estate/3204-55-bremner-boulevard-wp_idm73000004-26980917-lst,images/3204___55_BREMNER_BOULEVARD__Toronto__ON.jpg
"$12,800,000","100 ARDWOLD GATE, Toronto, ON",5 bed 7 bath,https://www.remax.ca/luxury/on/toronto-real-estate/100-ardwold-gate-wp_idm73000004-26980871-lst,images/100_ARDWOLD_GATE__Toronto__ON.jpg
"$1,798,900","30 WYCHWOOD AVENUE, Toronto, ON",4 bed 3 bath,https://www.remax.ca/on/toronto-real-estate/30-wychwood-avenue-wp_idm73000004-26980878-lst,images/30_WYCHWOOD_AVENUE__Toronto__ON.jpg
"$1,048,000","601 - 70 MONTCLAIR AVENUE, Toronto, ON",3 bed 2 bath,https://www.remax.ca/on/toronto-real-estate/601-70-montclair-avenue-wp_idm73000004-26980891-lst,images/601___70_MONTCLAIR_AVENUE__Toronto__ON.jpg
"$999,000","245 BROCK AVENUE, Toronto, ON",4 bed 3 bath,https://www.remax.ca/on/toronto-real-estate/245-brock-avenue-wp_idm73000004-26980867-lst,images/245_BROCK_AVENUE__Toronto__ON.jpg
"$1,598,000","19 EARL STREET, Toronto, ON",3 bed 3 bath,https://www.remax.ca/on/toronto-real-estate/19-earl-street-wp_idm73000004-26980873-lst,images/19_EARL_STREET__Toronto__ON.jpg
"$400,000","1109 - 705 KING STREET W, Toronto, ON",0 bed 1 bath,https://www.remax.ca/on/toronto-real-estate/1109-705-king-street-w-wp_idm73000004-26980874-lst,images/1109___705_KING_STREET_W__Toronto__ON.jpg
"$1,795,000","78 SOUTHVALE DRIVE, Toronto, ON",3 bed 3 bath,https://www.remax.ca/on/toronto-real-estate/78-southvale-drive-wp_idm73000004-26980860-lst,images/78_SOUTHVALE_DRIVE__Toronto__ON.jpg
"$3,395,000","33 BLYTHWOOD ROAD, Toronto, ON",5 bed 5 bath,https://www.remax.ca/on/toronto-real-estate/33-blythwood-road-wp_idm73000004-26979848-lst,images/33_BLYTHWOOD_ROAD__Toronto__ON.jpg
"$674,900","918 - 1485 LAKESHORE ROAD E, Mississauga, ON",3 bed 2 bath,https://www.remax.ca/on/mississauga-real-estate/918-1485-lakeshore-road-e-wp_idm73000004-26980048-lst,images/918___1485_LAKESHORE_ROAD_E__Mississauga__ON.jpg
"$599,000","710 - 2799 KINGSTON ROAD, Toronto, ON",2 bed 2 bath,https://www.remax.ca/on/toronto-real-estate/710-2799-kingston-road-wp_idm73000004-26979907-lst,images/710___2799_KINGSTON_ROAD__Toronto__ON.jpg
"$629,000","802 - 38 ELM STREET, Toronto, ON",1 bed 1 bath,https://www.remax.ca/on/toronto-real-estate/802-38-elm-street-wp_idm73000004-26979851-lst,images/802___38_ELM_STREET__Toronto__ON.jpg
"$899,000","29A CLAXTON BOULEVARD, Toronto, ON",2 bed 3 bath,https://www.remax.ca/on/toronto-real-estate/29a-claxton-boulevard-wp_idm73000004-26979855-lst,images/29A_CLAXTON_BOULEVARD__Toronto__ON.jpg
"$539,000","203 - 25 TELEGRAM MEWS, Toronto, ON",2 bed 1 bath,https://www.remax.ca/on/toronto-real-estate/203-25-telegram-mews-wp_idm73000004-26979857-lst,images/203___25_TELEGRAM_MEWS__Toronto__ON.jpg
"$799,900","30 BUTTONWOOD AVENUE, Toronto, ON",3 bed 2 bath,https://www.remax.ca/on/toronto-real-estate/30-buttonwood-avenue-wp_idm73000004-26980050-lst,images/30_BUTTONWOOD_AVENUE__Toronto__ON.jpg
"$2,199,000","316 SALEM AVENUE, Toronto, ON",4 bed 4 bath,https://www.remax.ca/on/toronto-real-estate/316-salem-avenue-wp_idm73000004-26980042-lst,images/316_SALEM_AVENUE__Toronto__ON.jpg
"$649,999","103 - 32 FIELDWAY ROAD, Toronto, ON",2 bed 2 bath,https://www.remax.ca/on/toronto-real-estate/103-32-fieldway-road-wp_idm73000004-26980044-lst,images/103___32_FIELDWAY_ROAD__Toronto__ON.jpg
"$499,999","1103 - 61 HEINTZMAN STREET, Toronto, ON",1 bed 1 bath,https://www.remax.ca/on/toronto-real-estate/1103-61-heintzman-street-wp_idm73000004-26980007-lst,images/1103___61_HEINTZMAN_STREET__Toronto__ON.jpg
"$599,990","1816 - 1926 LAKE SHORE BOULEVARD W, Toronto, ON",2 bed 1 bath,https://www.remax.ca/on/toronto-real-estate/1816-1926-lake-shore-boulevard-w-wp_idm73000004-26980009-lst,images/1816___1926_LAKE_SHORE_BOULEVARD_W__Toronto__ON.jpg
"$1,898,000","250 GRENVIEW BOULEVARD S, Toronto, ON",3 bed 2 bath,https://www.remax.ca/on/toronto-real-estate/250-grenview-boulevard-s-wp_idm73000004-26979991-lst,images/250_GRENVIEW_BOULEVARD_S__Toronto__ON.jpg
"$1,469,000","159 YARMOUTH ROAD, Toronto, ON",3 bed 2 bath,https://www.remax.ca/on/toronto-real-estate/159-yarmouth-road-wp_idm73000004-26980003-lst,images/159_YARMOUTH_ROAD__Toronto__ON.jpg
"$1,799,000","290 GAMMA STREET, Toronto, ON",5 bed 4 bath,https://www.remax.ca/on/toronto-real-estate/290-gamma-street-wp_idm73000004-26979992-lst,images/290_GAMMA_STREET__Toronto__ON.jpg
"$498,000","816 - 1787 ST CLAIR AVENUE W, Toronto, ON",2 bed 1 bath,https://www.remax.ca/on/toronto-real-estate/816-1787-st-clair-avenue-w-wp_idm73000004-26979985-lst,images/816___1787_ST_CLAIR_AVENUE_W__Toronto__ON.jpg
"$1,049,000","3 ELMONT DRIVE, Toronto, ON",4 bed 2 bath,https://www.remax.ca/on/toronto-real-estate/3-elmont-drive-wp_idm73000004-26979898-lst,images/3_ELMONT_DRIVE__Toronto__ON.jpg
"$999,000","245 BROCK AVENUE, Toronto, ON",4 bed 3 bath,https://www.remax.ca/on/toronto-real-estate/245-brock-avenue-wp_idm73000004-26980867-lst,images/245_BROCK_AVENUE__Toronto__ON.jpg
"$1,598,000","19 EARL STREET, Toronto, ON",3 bed 3 bath,https://www.remax.ca/on/toronto-real-estate/19-earl-street-wp_idm73000004-26980873-lst,images/19_EARL_STREET__Toronto__ON.jpg
"$400,000","1109 - 705 KING STREET W, Toronto, ON",0 bed 1 bath,https://www.remax.ca/on/toronto-real-estate/1109-705-king-street-w-wp_idm73000004-26980874-lst,images/1109___705_KING_STREET_W__Toronto__ON.jpg
"$1,795,000","78 SOUTHVALE DRIVE, Toronto, ON",3 bed 3 bath,https://www.remax.ca/on/toronto-real-estate/78-southvale-drive-wp_idm73000004-26980860-lst,images/78_SOUTHVALE_DRIVE__Toronto__ON.jpg
"$899,888","179 VIRGINIA AVENUE, Toronto, ON",2 bed 2 bath,https://www.remax.ca/on/toronto-real-estate/179-virginia-avenue-wp_idm73000004-26979878-lst,images/179_VIRGINIA_AVENUE__Toronto__ON.jpg
"$2,399,000","1566 MOUNT PLEASANT ROAD, Toronto, ON",3 bed 4 bath,https://www.remax.ca/on/toronto-real-estate/1566-mount-pleasant-road-wp_idm73000004-26979840-lst,images/1566_MOUNT_PLEASANT_ROAD__Toronto__ON.jpg
"$2,200,000","1408 - 438 RICHMOND STREET W, Toronto, ON",2 bed 2 bath,https://www.remax.ca/on/toronto-real-estate/1408-438-richmond-street-w-wp_idm73000004-26979836-lst,images/1408___438_RICHMOND_STREET_W__Toronto__ON.jpg
"$749,000","7 BRYANT AVENUE, Toronto, ON",2 bed 2 bath,https://www.remax.ca/on/toronto-real-estate/7-bryant-avenue-wp_idm73000004-26979876-lst,images/7_BRYANT_AVENUE__Toronto__ON.jpg
"$499,900","210 - 90 GLEN EVEREST ROAD, Toronto, ON",1 bed 1 bath,https://www.remax.ca/on/toronto-real-estate/210-90-glen-everest-road-wp_idm73000004-26979865-lst,images/210___90_GLEN_EVEREST_ROAD__Toronto__ON.jpg
"$17,800,000","50 PARK LANE CIRCLE, Toronto, ON",9 bed 16 bath,https://www.remax.ca/luxury/on/toronto-real-estate/50-park-lane-circle-wp_idm73000004-26979831-lst,images/50_PARK_LANE_CIRCLE__Toronto__ON.jpg
"$599,000","947 - 1030 KING STREET W, Toronto, ON",2 bed 2 bath,https://www.remax.ca/on/toronto-real-estate/947-1030-king-street-w-wp_idm73000004-26979824-lst,images/947___1030_KING_STREET_W__Toronto__ON.jpg
"$1,199,000","74 ROBERTA DRIVE, Toronto, ON",3 bed 2 bath,https://www.remax.ca/on/toronto-real-estate/74-roberta-drive-wp_idm73000004-26979829-lst,images/74_ROBERTA_DRIVE__Toronto__ON.jpg
"$1,125,000","403 - 365 CHURCH STREET, Toronto, ON",2 bed 2 bath,https://www.remax.ca/on/toronto-real-estate/403-365-church-street-wp_idm73000004-26979822-lst,images/403___365_CHURCH_STREET__Toronto__ON.jpg
"$849,990","1705 - 100 WESTERN BATTERY ROAD, Toronto, ON",2 bed 2 bath,https://www.remax.ca/on/toronto-real-estate/1705-100-western-battery-road-wp_idm73000004-26979790-lst,images/1705___100_WESTERN_BATTERY_ROAD__Toronto__ON.jpg
"$1,599,900","101 - 676 RICHMOND STREET W, Toronto, ON",2 bed 2 bath,https://www.remax.ca/on/toronto-real-estate/101-676-richmond-street-w-wp_idm73000004-26979806-lst,images/101___676_RICHMOND_STREET_W__Toronto__ON.jpg
"$599,900","1528 - 250 WELLINGTON STREET W, Toronto, ON",2 bed 1 bath,https://www.remax.ca/on/toronto-real-estate/1528-250-wellington-street-w-wp_idm73000004-26979801-lst,images/1528___250_WELLINGTON_STREET_W__Toronto__ON.jpg
"$1,500,000","12 - 151 MERTON STREET, Toronto, ON",4 bed 3 bath,https://www.remax.ca/on/toronto-real-estate/12-151-merton-street-wp_idm73000004-26979826-lst,images/12___151_MERTON_STREET__Toronto__ON.jpg
"$699,900","3315 - 45 CHARLES STREET E, Toronto, ON",2 bed 1 bath,https://www.remax.ca/on/toronto-real-estate/3315-45-charles-street-e-wp_idm73000004-26979802-lst,images/3315___45_CHARLES_STREET_E__Toronto__ON.jpg
"$1,299,000","1410 - 8 SCOLLARD STREET, Toronto, ON",3 bed 2 bath,https://www.remax.ca/on/toronto-real-estate/1410-8-scollard-street-wp_idm73000004-26979825-lst,images/1410___8_SCOLLARD_STREET__Toronto__ON.jpg
"$1,299,000","407 - 3 SOUTHVALE DRIVE, Toronto, ON",2 bed 2 bath,https://www.remax.ca/on/toronto-real-estate/407-3-southvale-drive-wp_idm73000004-26979816-lst,images/407___3_SOUTHVALE_DRIVE__Toronto__ON.jpg
"$1,020,000","1710 - 5 ST JOSEPH STREET, Toronto, ON",2 bed 2 bath,https://www.remax.ca/on/toronto-real-estate/1710-5-st-joseph-street-wp_idm73000004-26979813-lst,images/1710___5_ST_JOSEPH_STREET__Toronto__ON.jpg
"$631,249","823 - 20 EDWARD STREET, Toronto, ON",1 bed 1 bath,https://www.remax.ca/on/toronto-real-estate/823-20-edward-street-wp_idm73000004-26979810-lst,images/823___20_EDWARD_STREET__Toronto__ON.jpg
"$5,200","202 - 193 HEATH STREET W, Toronto, ON",2 bed 2 bath,https://www.remax.ca/on/toronto-real-estate/202-193-heath-street-w-wp_idm73000004-26979815-lst,images/202___193_HEATH_STREET_W__Toronto__ON.jpg
"$548,000","3802 - 251 JARVIS STREET, Toronto, ON",2 bed 1 bath,https://www.remax.ca/on/toronto-real-estate/3802-251-jarvis-street-wp_idm73000004-26979809-lst,images/3802___251_JARVIS_STREET__Toronto__ON.jpg
"$1,060,000","1606 - 35 HAYDEN STREET, Toronto, ON",3 bed 2 bath,https://www.remax.ca/on/toronto-real-estate/1606-35-hayden-street-wp_idm73000004-26979798-lst,images/1606___35_HAYDEN_STREET__Toronto__ON.jpg
"$899,999","4212 - 488 UNIVERSITY AVENUE, Toronto, ON",2 bed 1 bath,https://www.remax.ca/on/toronto-real-estate/4212-488-university-avenue-wp_idm73000004-26979785-lst,images/4212___488_UNIVERSITY_AVENUE__Toronto__ON.jpg
"$1,795,000","157 GERRARD STREET E, Toronto, ON",0 bed 4 bath,https://www.remax.ca/on/toronto-real-estate/157-gerrard-street-e-wp_idm73000004-26979787-lst,images/157_GERRARD_STREET_E__Toronto__ON.jpg
"$1,575,000","401 CLINTON Street, Toronto, ON",5 bed 3 bath,https://www.remax.ca/on/toronto-real-estate/401-clinton-street-wp_idm73000004-26979076-lst,images/401_CLINTON_Street__Toronto__ON.jpg
"$675,000","35 HAYDEN Street Unit# 401, Toronto, ON",2 bed 2 bath,https://www.remax.ca/on/toronto-real-estate/35-hayden-street-unit-401-wp_idm73000004-26979301-lst,images/35_HAYDEN_Street_Unit__401__Toronto__ON.jpg
"$3,299,000","8 YORKLEIGH AVENUE, Toronto, ON",5 bed 5 bath,https://www.remax.ca/on/toronto-real-estate/8-yorkleigh-avenue-wp_idm73000004-26979002-lst,images/8_YORKLEIGH_AVENUE__Toronto__ON.jpg
"$420,000","528 - 90 STADIUM ROAD, Toronto, ON",0 bed 1 bath,https://www.remax.ca/on/toronto-real-estate/528-90-stadium-road-wp_idm73000004-26978813-lst,images/528___90_STADIUM_ROAD__Toronto__ON.jpg
"$1,199,000","86 BRUCEWOOD CRESCENT, Toronto, ON",4 bed 2 bath,https://www.remax.ca/on/toronto-real-estate/86-brucewood-crescent-wp_idm73000004-26978812-lst,images/86_BRUCEWOOD_CRESCENT__Toronto__ON.jpg
"$585,000","3308 - 36 PARK LAWN ROAD, Toronto, ON",1 bed 1 bath,https://www.remax.ca/on/toronto-real-estate/3308-36-park-lawn-road-wp_idm73000004-26979007-lst,images/3308___36_PARK_LAWN_ROAD__Toronto__ON.jpg
"$888,000","623A MCROBERTS AVENUE, Toronto, ON",3 bed 2 bath,https://www.remax.ca/on/toronto-real-estate/623a-mcroberts-avenue-wp_idm73000004-26979006-lst,images/623A_MCROBERTS_AVENUE__Toronto__ON.jpg
"$1,399,000","203 MACDONELL AVENUE, Toronto, ON",3 bed 2 bath,https://www.remax.ca/on/toronto-real-estate/203-macdonell-avenue-wp_idm73000004-26978978-lst,images/203_MACDONELL_AVENUE__Toronto__ON.jpg
"$1,099,000","140 BROWNVILLE AVENUE, Toronto, ON",5 bed 2 bath,https://www.remax.ca/on/toronto-real-estate/140-brownville-avenue-wp_idm73000004-26978989-lst,images/140_BROWNVILLE_AVENUE__Toronto__ON.jpg
"$1,125,000","19 - 130 LONG BRANCH AVENUE N, Toronto, ON",3 bed 3 bath,https://www.remax.ca/on/toronto-real-estate/19-130-long-branch-avenue-n-wp_idm73000004-26978968-lst,images/19___130_LONG_BRANCH_AVENUE_N__Toronto__ON.jpg
"$775,000","1304 - 240 SCARLETT ROAD, Toronto, ON",3 bed 2 bath,https://www.remax.ca/on/toronto-real-estate/1304-240-scarlett-road-wp_idm73000004-26978961-lst,images/1304___240_SCARLETT_ROAD__Toronto__ON.jpg
"$499,900","412 - 17 ZORRA STREET, Toronto, ON",1 bed 1 bath,https://www.remax.ca/on/toronto-real-estate/412-17-zorra-street-wp_idm73000004-26978965-lst,images/412___17_ZORRA_STREET__Toronto__ON.jpg
"$939,000","50 WILLIAM STREET, Toronto, ON",3 bed 2 bath,https://www.remax.ca/on/toronto-real-estate/50-william-street-wp_idm73000004-26978955-lst,images/50_WILLIAM_STREET__Toronto__ON.jpg
"$685,000","1007 - 38 JOE SHUSTER WAY, Toronto, ON",2 bed 2 bath,https://www.remax.ca/on/toronto-real-estate/1007-38-joe-shuster-way-wp_idm73000004-26978941-lst,images/1007___38_JOE_SHUSTER_WAY__Toronto__ON.jpg
"$1,350,000","1 SOUTHVIEW AVENUE, Toronto, ON",4 bed 2 bath,https://www.remax.ca/on/toronto-real-estate/1-southview-avenue-wp_idm73000004-26978951-lst,images/1_SOUTHVIEW_AVENUE__Toronto__ON.jpg
"$474,900","205 - 1 NEIGHBOURHOOD LANE, Toronto, ON",1 bed 1 bath,https://www.remax.ca/on/toronto-real-estate/205-1-neighbourhood-lane-wp_idm73000004-26978950-lst,images/205___1_NEIGHBOURHOOD_LANE__Toronto__ON.jpg
"$999,900","29 SORLYN AVENUE, Toronto, ON",5 bed 2 bath,https://www.remax.ca/on/toronto-real-estate/29-sorlyn-avenue-wp_idm73000004-26978948-lst,images/29_SORLYN_AVENUE__Toronto__ON.jpg
"$1,088,800","74 GILLEY ROAD, Toronto, ON",7 bed 3 bath,https://www.remax.ca/on/toronto-real-estate/74-gilley-road-wp_idm73000004-26978940-lst,images/74_GILLEY_ROAD__Toronto__ON.jpg
"$410,000","304 - 2874 KEELE STREET, Toronto, ON",1 bed 1 bath,https://www.remax.ca/on/toronto-real-estate/304-2874-keele-street-wp_idm73000004-26978937-lst,images/304___2874_KEELE_STREET__Toronto__ON.jpg
"$999,900","17 ATHLETIC AVENUE, Toronto, ON",3 bed 2 bath,https://www.remax.ca/on/toronto-real-estate/17-athletic-avenue-wp_idm73000004-26978851-lst,images/17_ATHLETIC_AVENUE__Toronto__ON.jpg
"$1,099,000","298 HIGHFIELD ROAD, Toronto, ON",3 bed 2 bath,https://www.remax.ca/on/toronto-real-estate/298-highfield-road-wp_idm73000004-26978854-lst,images/298_HIGHFIELD_ROAD__Toronto__ON.jpg
"$999,000","42 WESTWOOD AVENUE, Toronto, ON",3 bed 2 bath,https://www.remax.ca/on/toronto-real-estate/42-westwood-avenue-wp_idm73000004-26978849-lst,images/42_WESTWOOD_AVENUE__Toronto__ON.jpg
"$1,099,900","26 HUBERT AVENUE, Toronto, ON",6 bed 3 bath,https://www.remax.ca/on/toronto-real-estate/26-hubert-avenue-wp_idm73000004-26978840-lst,images/26_HUBERT_AVENUE__Toronto__ON.jpg
"$3,295,000","62 ROSE PARK DRIVE, Toronto, ON",3 bed 3 bath,https://www.remax.ca/on/toronto-real-estate/62-rose-park-drive-wp_idm73000004-26978805-lst,images/62_ROSE_PARK_DRIVE__Toronto__ON.jpg
"$699,000","405 - 399 ADELAIDE STREET W, Toronto, ON",2 bed 1 bath,https://www.remax.ca/on/toronto-real-estate/405-399-adelaide-street-w-wp_idm73000004-26978789-lst,images/405___399_ADELAIDE_STREET_W__Toronto__ON.jpg
"$2,850,000","149 HILLSDALE AVENUE E, Toronto, ON",5 bed 5 bath,https://www.remax.ca/on/toronto-real-estate/149-hillsdale-avenue-e-wp_idm73000004-26978798-lst,images/149_HILLSDALE_AVENUE_E__Toronto__ON.jpg
"$4,995,000","34 GREEN VALLEY ROAD, Toronto, ON",5 bed 4 bath,https://www.remax.ca/luxury/on/toronto-real-estate/34-green-valley-road-wp_idm73000004-26978794-lst,images/34_GREEN_VALLEY_ROAD__Toronto__ON.jpg
"$839,000","1908 - 361 FRONT STREET W, Toronto, ON",3 bed 2 bath,https://www.remax.ca/on/toronto-real-estate/1908-361-front-street-w-wp_idm73000004-26978783-lst,images/1908___361_FRONT_STREET_W__Toronto__ON.jpg
"$20,800,000","27 SOUTH DRIVE, Toronto, ON",6 bed 9 bath,https://www.remax.ca/luxury/on/toronto-real-estate/27-south-drive-wp_idm73000004-26978791-lst,images/27_SOUTH_DRIVE__Toronto__ON.jpg
"$479,900","1403 - 99 HARBOUR SQUARE, Toronto, ON",0 bed 1 bath,https://www.remax.ca/on/toronto-real-estate/1403-99-harbour-square-wp_idm73000004-26978788-lst,images/1403___99_HARBOUR_SQUARE__Toronto__ON.jpg
"$799,000","2807 - 20 RICHARDSON STREET, Toronto, ON",2 bed 2 bath,https://www.remax.ca/on/toronto-real-estate/2807-20-richardson-street-wp_idm73000004-26978799-lst,images/2807___20_RICHARDSON_STREET__Toronto__ON.jpg
"$1,679,000","37 SHAFTESBURY AVENUE, Toronto, ON",3 bed 3 bath,https://www.remax.ca/on/toronto-real-estate/37-shaftesbury-avenue-wp_idm73000004-26978787-lst,images/37_SHAFTESBURY_AVENUE__Toronto__ON.jpg
"$588,000","3509 - 5 MARINER TERRACE, Toronto, ON",1 bed 1 bath,https://www.remax.ca/on/toronto-real-estate/3509-5-mariner-terrace-wp_idm73000004-26978770-lst,images/3509___5_MARINER_TERRACE__Toronto__ON.jpg
"$649,880","1010 - 330 RICHMOND ST WEST STREET W, Toronto, ON",1 bed 1 bath,https://www.remax.ca/on/toronto-real-estate/1010-330-richmond-st-west-street-w-wp_idm73000004-26978769-lst,images/1010___330_RICHMOND_ST_WEST_STREET_W__Toronto__ON.jpg
"$899,900","2008 - 21 GRAND MAGAZINE STREET, Toronto, ON",3 bed 2 bath,https://www.remax.ca/on/toronto-real-estate/2008-21-grand-magazine-street-wp_idm73000004-26978764-lst,images/2008___21_GRAND_MAGAZINE_STREET__Toronto__ON.jpg
"$14,680,000","175 TEDDINGTON PARK AVENUE, Toronto, ON",6 bed 9 bath,https://www.remax.ca/luxury/on/toronto-real-estate/175-teddington-park-avenue-wp_idm73000004-26978778-lst,images/175_TEDDINGTON_PARK_AVENUE__Toronto__ON.jpg
"$3,499,000","16 NOEL AVENUE, Toronto, ON",3 bed 4 bath,https://www.remax.ca/on/toronto-real-estate/16-noel-avenue-wp_idm73000004-26978767-lst,images/16_NOEL_AVENUE__Toronto__ON.jpg
"$2,679,000","180 WOBURN AVENUE, Toronto, ON",4 bed 5 bath,https://www.remax.ca/on/toronto-real-estate/180-woburn-avenue-wp_idm73000004-26978743-lst,images/180_WOBURN_AVENUE__Toronto__ON.jpg
"$1,800","#3 - 152 RUSHOLME ROAD, Toronto, ON",1 bed 1 bath,https://www.remax.ca/on/toronto-real-estate/3-152-rusholme-road-wp_idm73000004-26978756-lst,images/_3___152_RUSHOLME_ROAD__Toronto__ON.jpg
"$1,349,000","615 SOUDAN AVENUE, Toronto, ON",3 bed 2 bath,https://www.remax.ca/on/toronto-real-estate/615-soudan-avenue-wp_idm73000004-26978748-lst,images/615_SOUDAN_AVENUE__Toronto__ON.jpg
"$625,000","909 - 330 RICHMOND STREET W, Toronto, ON",1 bed 1 bath,https://www.remax.ca/on/toronto-real-estate/909-330-richmond-street-w-wp_idm73000004-26978745-lst,images/909___330_RICHMOND_STREET_W__Toronto__ON.jpg
"$739,000","827 - 95 PRINCE ARTHUR AVENUE, Toronto, ON",1 bed 1 bath,https://www.remax.ca/on/toronto-real-estate/827-95-prince-arthur-avenue-wp_idm73000004-26978742-lst,images/827___95_PRINCE_ARTHUR_AVENUE__Toronto__ON.jpg
"$1,295,000","616 MILLWOOD ROAD E, Toronto, ON",2 bed 2 bath,https://www.remax.ca/on/toronto-real-estate/616-millwood-road-e-wp_idm73000004-26978733-lst,images/616_MILLWOOD_ROAD_E__Toronto__ON.jpg
"$579,000","3510 - 11 WELLESLEY STREET W, Toronto, ON",0 bed 1 bath,https://www.remax.ca/on/toronto-real-estate/3510-11-wellesley-street-w-wp_idm73000004-26978741-lst,images/3510___11_WELLESLEY_STREET_W__Toronto__ON.jpg
"$599,900","16 Yonge Street, Unit #1704, Toronto, ON",1 bed 1 bath,https://www.remax.ca/on/toronto-real-estate/16-yonge-street-unit-1704-wp_idm73000004-26978259-lst,images/16_Yonge_Street__Unit__1704__Toronto__ON.jpg
"$665,000","203 - 801 KING STREET, Toronto, ON",2 bed 1 bath,https://www.remax.ca/on/toronto-real-estate/203-801-king-street-wp_idm73000004-26978086-lst,images/203___801_KING_STREET__Toronto__ON.jpg
"$1,349,000","95 MOREAU TRAIL, Toronto, ON",5 bed 3 bath,https://www.remax.ca/on/toronto-real-estate/95-moreau-trail-wp_idm73000004-26978100-lst,images/95_MOREAU_TRAIL__Toronto__ON.jpg
"$705,000","PH113 - 942 YONGE STREET, Toronto, ON",2 bed 1 bath,https://www.remax.ca/on/toronto-real-estate/ph113-942-yonge-street-wp_idm73000004-26978093-lst,images/PH113___942_YONGE_STREET__Toronto__ON.jpg
"$2,499,000","51 ALAMEDA AVENUE, Toronto, ON",4 bed 4 bath,https://www.remax.ca/on/toronto-real-estate/51-alameda-avenue-wp_idm73000004-26978094-lst,images/51_ALAMEDA_AVENUE__Toronto__ON.jpg
"$749,900","406 - 110 CHARLES STREET E, Toronto, ON",2 bed 1 bath,https://www.remax.ca/on/toronto-real-estate/406-110-charles-street-e-wp_idm73000004-26978092-lst,images/406___110_CHARLES_STREET_E__Toronto__ON.jpg
"$599,900","108 - 1801 O'CONNOR DRIVE, Toronto, ON",3 bed 2 bath,https://www.remax.ca/on/toronto-real-estate/108-1801-o-connor-drive-wp_idm73000004-26978089-lst,images/108___1801_O_CONNOR_DRIVE__Toronto__ON.jpg
"$698,000","802 - 99 JOHN STREET, Toronto, ON",2 bed 1 bath,https://www.remax.ca/on/toronto-real-estate/802-99-john-street-wp_idm73000004-26978085-lst,images/802___99_JOHN_STREET__Toronto__ON.jpg
"$685,000","505 - 75 WYNFORD HEIGHTS CRESCENT, Toronto, ON",2 bed 2 bath,https://www.remax.ca/on/toronto-real-estate/505-75-wynford-heights-crescent-wp_idm73000004-26977843-lst,images/505___75_WYNFORD_HEIGHTS_CRESCENT__Toronto__ON.jpg
"$649,900","SPH1702 - 17 DUNDONALD STREET, Toronto, ON",1 bed 1 bath,https://www.remax.ca/on/toronto-real-estate/sph1702-17-dundonald-street-wp_idm73000004-26977841-lst,images/SPH1702___17_DUNDONALD_STREET__Toronto__ON.jpg
"$979,900","64 SHARPE STREET, Toronto, ON",4 bed 2 bath,https://www.remax.ca/on/toronto-real-estate/64-sharpe-street-wp_idm73000004-26977738-lst,images/64_SHARPE_STREET__Toronto__ON.jpg
"$5,480,000","2C ORMSBY CRESCENT, Toronto, ON",5 bed 6 bath,https://www.remax.ca/luxury/on/toronto-real-estate/2c-ormsby-crescent-wp_idm73000004-26977734-lst,images/2C_ORMSBY_CRESCENT__Toronto__ON.jpg
"$528,000","3518 - 82 DALHOUSIE STREET, Toronto, ON",0 bed 1 bath,https://www.remax.ca/on/toronto-real-estate/3518-82-dalhousie-street-wp_idm73000004-26977732-lst,images/3518___82_DALHOUSIE_STREET__Toronto__ON.jpg
"$629,990","4206 - 181 DUNDAS STREET E, Toronto, ON",2 bed 1 bath,https://www.remax.ca/on/toronto-real-estate/4206-181-dundas-street-e-wp_idm73000004-26977724-lst,images/4206___181_DUNDAS_STREET_E__Toronto__ON.jpg
"$1,186,999","### - 100 BARTLEY DRIVE, Toronto, ON",5 bed 4 bath,https://www.remax.ca/on/toronto-real-estate/100-bartley-drive-wp_idm73000004-26977629-lst,images/______100_BARTLEY_DRIVE__Toronto__ON.jpg
"$649,000","203 - 88 SCOTT STREET, Toronto, ON",2 bed 1 bath,https://www.remax.ca/on/toronto-real-estate/203-88-scott-street-wp_idm73000004-26977637-lst,images/203___88_SCOTT_STREET__Toronto__ON.jpg
"$2,150","UNIT 3A - 877 MILLWOOD ROAD, Toronto, ON",1 bed 1 bath,https://www.remax.ca/on/toronto-real-estate/unit-3a-877-millwood-road-wp_idm73000004-26977621-lst,images/UNIT_3A___877_MILLWOOD_ROAD__Toronto__ON.jpg
"$865,000","4005 - 110 CHARLES STREET E, Toronto, ON",2 bed 2 bath,https://www.remax.ca/on/toronto-real-estate/4005-110-charles-street-e-wp_idm73000004-26977537-lst,images/4005___110_CHARLES_STREET_E__Toronto__ON.jpg
"$1,149,000","110 - 80 VANAULEY STREET, Toronto, ON",2 bed 3 bath,https://www.remax.ca/on/toronto-real-estate/110-80-vanauley-street-wp_idm73000004-26977534-lst,images/110___80_VANAULEY_STREET__Toronto__ON.jpg
"$629,900","508 - 375 KING STREET, Toronto, ON",1 bed 1 bath,https://www.remax.ca/on/toronto-real-estate/508-375-king-street-wp_idm73000004-26977531-lst,images/508___375_KING_STREET__Toronto__ON.jpg
"$2,895,000","504 - 4 LOWTHER AVENUE, Toronto, ON",2 bed 2 bath,https://www.remax.ca/on/toronto-real-estate/504-4-lowther-avenue-wp_idm73000004-26977438-lst,images/504___4_LOWTHER_AVENUE__Toronto__ON.jpg
"$648,000","525 - 1030 KING STREET W, Toronto, ON",1 bed 1 bath,https://www.remax.ca/on/toronto-real-estate/525-1030-king-street-w-wp_idm73000004-26977434-lst,images/525___1030_KING_STREET_W__Toronto__ON.jpg
"$2,450,000","1171 ROSELAWN AVENUE, Toronto, ON",3 bed 1 bath,https://www.remax.ca/on/toronto-real-estate/1171-roselawn-avenue-wp_idm73000004-26977296-lst,images/1171_ROSELAWN_AVENUE__Toronto__ON.jpg
"$899,000","302 - 71 CHARLES STREET E, Toronto, ON",2 bed 2 bath,https://www.remax.ca/on/toronto-real-estate/302-71-charles-street-e-wp_idm73000004-26977274-lst,images/302___71_CHARLES_STREET_E__Toronto__ON.jpg
"$649,000","3302 - 2200 LAKESHORE BOULEVARD W, Toronto, ON",2 bed 1 bath,https://www.remax.ca/on/toronto-real-estate/3302-2200-lakeshore-boulevard-w-wp_idm73000004-26977193-lst,images/3302___2200_LAKESHORE_BOULEVARD_W__Toronto__ON.jpg
"$1,799,999","72 STORMONT AVENUE, Toronto, ON",8 bed 3 bath,https://www.remax.ca/on/toronto-real-estate/72-stormont-avenue-wp_idm73000004-26977008-lst,images/72_STORMONT_AVENUE__Toronto__ON.jpg
"$2,199,000","58 ULSTER STREET, Toronto, ON",4 bed 4 bath,https://www.remax.ca/on/toronto-real-estate/58-ulster-street-wp_idm73000004-26977003-lst,images/58_ULSTER_STREET__Toronto__ON.jpg
"$839,900","202 - 829 RICHMOND STREET W, Toronto, ON",4 bed 2 bath,https://www.remax.ca/on/toronto-real-estate/202-829-richmond-street-w-wp_idm73000004-26977004-lst,images/202___829_RICHMOND_STREET_W__Toronto__ON.jpg
"$2,500","#LOWER - 58 ULSTER STREET, Toronto, ON",1 bed 1 bath,https://www.remax.ca/on/toronto-real-estate/lower-58-ulster-street-wp_idm73000004-26976996-lst,images/_LOWER___58_ULSTER_STREET__Toronto__ON.jpg
